datetime,AIICO,ASI,FTNCOCOA,LIVINGTRUST,ABCTRANS,ACADEMY,AFRINSURE,AFROMEDIA,AIRTELAFRI,ALEX,BERGER,BETAGLAS,BUACEMENT,BUAFOODS,CADBURY,CAP,CAVERTON,CHAMPION,CHAMS,CHELLARAM,CHIPLC,CILEASING,ETRANZACT,CONOIL,TRANSCORP,UNILEVER,UPDCREIT,UPL,VERITASKAP,ZENITHBANK,WAPCO,UPDC,UBN,PZ,LIVESTOCK,JAIZBANK,FCMB,FIDELITYBK,UBA,TOTAL,STANBIC,SOVRENINS,RTBRISCOE,SCOA,REDSTAREX,REGALINS,PRESCO,PHARMDEKO,OANDO,OKOMUOIL,NNFM,NGXGROUP,NESTLE,NEIMETH,NB,MULTIVERSE,NAHCO,NASCON,MTNN,MAYBAKER,MCNICHOLS,LEARNAFRCA,LINKASSURE,INTBREW,GUINNESS,HONYFLOUR,GLAXOSMITH,FBNH,AFRIPRUD,COURTVILLE,CUSTODIAN,CWG,DANGCEM,ELLAHLAKES,ETERNA,ETI,FLOURMILL,LASACO,MANSARD,MBENEFIT,MEYER,MORISON,MRS,NEM,UACN,UCAP,UNIVINSURE,WAPIC,VITAFOAM
2012-01-02 10:15:00,0.159412,,0.5,,0.52,1.76,0.52,0.5,,11.15,8.45,10.591662,,,10.2,15.22,,4.03,0.5,6.43,,1.796476,3.83425,27.98,0.6,26.833591,,3.25,,12.45,41.572087,,7.508675,28.370001,0.783159,,4.1,1.5,2.0,190.0,,0.5,1.2,5.52,2.293727,0.5,8.65,3.5,17.969999,24.25,21.48,,430.0,0.936363,92.449997,5.0,6.049998,4.11,,2.87,0.425498,,0.285714,4.94452,230.0,3.22,22.700001,,,0.5,,,119.0,4.26,,10.25,55.15461,2.0,,0.5,,5.865635,,0.526315,28.128734,,0.5,0.5,3.049999
2012-02-01 10:15:00,0.147604,,0.5,,0.5,1.672,0.5,0.5,,10.6,8.26,10.591662,,,9.0,15.12,,3.46,0.5,6.43,,1.796476,3.647971,25.27,0.5,25.842448,,3.37,,13.29,37.500356,,6.119788,26.0,0.981428,,4.45,1.39,2.49,171.48,,0.5,1.21,5.52,2.341118,0.5,8.89,3.5,21.110001,21.889999,21.48,,400.0,0.854545,96.099998,5.0,5.874998,4.02,,2.88,0.425498,,0.285714,5.370452,221.61,2.01,22.0,,,0.5,,,105.0,4.26,,10.9,51.401159,2.0,,0.5,,5.578456,,0.526315,28.408,,0.5,0.52,2.749999
2012-03-01 10:15:00,0.147604,,0.5,,0.5,1.672,0.5,0.5,,10.6,8.8,10.591662,,,12.64,18.52,,3.46,0.5,6.43,,1.796476,3.469453,24.440001,0.52,27.27915,,3.45,,12.4,37.684182,,2.352429,24.0,1.011168,,4.34,1.41,2.61,139.69,,0.5,1.17,5.52,2.265292,0.5,10.7,3.5,22.01,28.01,21.48,,417.29999,0.699999,97.5,5.0,6.966664,4.5,,2.28,0.425498,,0.285714,5.537121,239.84,2.17,21.0,,,0.5,,,113.8,4.26,,11.19,53.227412,2.0,,0.5,,5.578456,,0.526315,27.926509,,0.5,0.5,2.549999
2012-04-02 10:15:00,0.1417,,0.5,,0.5,1.592,0.5,0.5,,10.6,8.06,10.066663,,,15.12,23.4,,3.29,0.5,6.43,,1.796476,3.469453,25.459999,0.52,26.833591,,3.5,,14.16,37.592271,,3.428817,22.07,0.921947,,5.49,1.34,3.74,138.95,,0.5,1.44,5.52,2.445378,0.5,11.85,3.5,16.200001,34.5,21.48,,419.0,0.70909,110.1,5.0,6.658331,5.6,,1.99,0.425498,,0.285714,5.537121,237.03,2.1,20.0,,,0.5,,,122.0,,,11.7,54.126772,2.0,,0.5,,5.578456,,0.526315,31.537695,,0.5,0.54,2.824999
2012-05-01 10:15:00,0.147604,,0.5,,0.5,1.52,0.5,0.5,,10.6,9.1,9.249996,,,15.8,25.35,,3.29,0.5,6.43,,1.796476,3.298697,25.459999,1.02,26.369845,,3.8,,13.99,37.868008,,3.298609,23.85,0.941774,,3.78,1.27,4.08,132.00999,,0.5,1.2,5.52,2.767637,0.5,14.79,3.5,16.9,30.0,21.48,,425.0,0.527272,106.5,5.0,4.999998,4.42,,1.35,0.425498,,0.285714,5.40749,223.99001,2.02,20.0,,,0.5,,,112.25,4.26,,11.39,54.603983,2.0,,0.5,,5.578456,,0.526315,32.076967,,0.5,0.5,2.733332
2012-06-01 10:15:00,0.147604,,0.5,,0.5,1.312,0.5,0.5,,10.6,8.54,9.249996,,,14.98,24.0,,3.29,0.5,6.43,,1.796476,3.135703,19.610001,1.08,27.288243,,4.19,,13.75,37.684182,,3.237845,25.5,0.981428,,3.23,1.14,3.66,125.0,,0.5,2.11,5.52,2.833985,0.5,14.73,3.17,13.44,29.5,21.48,,446.25,0.690908,101.23,5.0,4.999998,4.48,,1.87,,,0.285714,5.537121,228.0,2.01,23.25,,,0.5,,,110.0,4.26,,10.8,52.309698,2.0,,0.5,,5.305636,,0.526315,30.719159,,0.5,0.84,2.741666
2012-07-02 10:15:00,0.147604,,0.5,,0.5,1.312,0.5,0.5,,10.55,8.0,8.791663,,,14.3,24.1,,3.28,0.5,6.11,,1.796476,2.98047,25.5,0.98,31.825675,,4.35,,14.4,40.717298,,3.810761,24.51,1.368051,,3.13,1.36,4.39,133.0,,0.5,1.5,5.52,2.843463,0.5,15.34,3.17,14.0,30.0,21.48,,500.0,0.690908,119.11,5.0,4.991665,4.63,,1.55,0.425498,,0.285714,5.259339,242.0,1.91,28.1,,,0.5,,,114.0,,,10.26,48.179985,2.0,,0.5,,5.305636,,0.526315,32.259932,,0.5,0.63,2.741666
2012-08-01 10:15:00,0.147604,,0.5,,0.5,1.312,0.5,0.5,,10.55,7.63,8.35833,,,17.85,29.0,,3.28,0.5,5.81,,1.796476,2.98047,19.73,0.89,32.125747,,4.52,,15.38,40.450751,,4.42708,22.860001,1.348224,,3.0,1.4,4.52,128.00999,,0.5,1.8,5.42,2.4359,0.5,15.0,3.02,14.0,31.5,21.48,,550.0,0.690908,123.0,5.0,4.499998,4.7,,1.33,0.425498,,0.285714,7.796415,252.5,2.0,31.799999,,,0.5,,,114.1,,,10.3,49.097699,2.0,,0.5,,4.795892,,0.526315,34.195526,,0.5,0.55,2.499999
2012-09-03 10:15:00,0.168268,,0.5,,0.5,1.256,0.5,0.5,,10.55,8.01,7.941663,,,23.950001,28.9,,3.44,0.5,5.71,,1.796476,2.98047,19.700001,1.15,38.290834,,3.95,,16.299999,51.471078,,6.519093,25.299999,1.596059,,3.2,1.76,4.5,130.0,,0.5,1.86,5.42,2.843463,0.5,15.0,3.02,12.21,37.009998,21.48,,580.0,1.045453,137.0,5.0,4.791665,5.77,,1.65,0.40464,,0.285714,12.018701,260.0,2.28,36.0,,,0.5,,,123.0,,,11.12,56.595421,2.0,2.274995,0.5,,3.72615,,0.526315,38.519322,,0.5,0.61,2.549999
2012-10-01 10:15:00,0.180077,,0.5,,0.5,3.28,0.5,0.5,,,8.01,8.749997,,,28.0,32.02,,3.99,0.5,5.71,,1.796476,2.98047,20.790001,1.02,37.636133,,4.83,,18.02,51.471078,,6.805551,26.0,1.635713,,3.4,2.05,4.58,125.0,,0.5,1.69,5.42,2.985636,0.5,14.46,2.87,10.94,34.5,20.41,,675.0,0.999999,121.2,5.0,4.858331,5.9,,1.6,0.40464,,0.285714,11.805735,263.41,2.17,39.900002,,,0.5,,,120.11,1.55,,11.95,60.578303,2.0,2.076662,0.5,,3.546663,,0.526315,38.519322,,0.5,0.5,3.349999
2012-11-01 10:15:00,0.159412,,0.5,,0.5,1.432,0.5,0.5,,,8.41,8.749997,,,27.299999,26.940001,,4.15,0.5,5.71,,1.796476,,18.690001,0.94,42.600937,,4.55,,17.290001,54.219268,,6.336802,27.68,1.368051,,3.37,2.08,4.5,124.68,,0.5,1.41,5.42,2.871898,0.5,15.21,2.73,11.85,34.0,18.43,,650.10999,0.836363,140.28,5.0,4.816665,6.2,,1.46,0.387954,,0.285714,12.592784,230.19,1.99,45.5,14.88,,0.5,,,121.5,,,11.0,60.569124,2.0,2.204995,0.5,,3.051279,,0.526315,40.445288,,0.5,0.54,2.966665
2012-12-03 10:15:00,0.183029,,0.5,,0.5,1.296,,0.5,,10.55,8.98,8.749997,,,29.0,28.0,,4.15,0.5,5.71,,1.796476,,20.5,1.05,42.282683,,4.47,,19.49,53.796467,,6.380204,28.0,1.427531,,3.75,2.29,4.56,120.57,9.428562,0.5,1.52,5.42,2.843463,0.5,17.0,2.6,12.35,42.5,18.379999,,700.0,0.890908,147.0,5.0,4.491665,8.0,,1.55,0.337895,,0.285714,15.000229,275.0,2.09,45.099998,15.72,,0.5,,,128.10001,,,11.29,59.65141,2.0,2.158328,0.5,,2.49128,,0.578947,40.445288,,0.5,0.58,3.049999
2013-01-01 10:15:00,0.24207,,0.5,,0.57,2.256,0.5,0.5,,10.55,9.5,8.33333,,,32.0,30.610001,,4.15,0.5,5.71,,1.796476,2.832999,22.01,1.3,40.827796,,4.77,,20.5,60.202779,,7.291662,34.0,2.468439,,4.9,3.16,6.87,139.0,11.237132,0.52,1.75,5.42,3.355286,0.5,26.0,2.3,13.11,53.599998,18.379999,,840.0,0.863635,160.8,5.0,6.658331,9.59,,1.91,0.337895,,0.285714,21.028096,293.0,3.04,47.009998,18.16,1.45,0.5,,,139.89999,,,13.0,82.50249,2.0,2.624994,0.5,,1.852306,,0.799999,45.260204,,0.5,0.98,3.716665
2013-02-01 10:15:00,0.324728,,0.53,,0.55,2.0,0.5,0.5,,10.55,9.5,7.90833,,,34.900002,36.299999,,4.56,0.5,5.43,,2.26356,2.693289,24.0,1.62,45.46525,,4.5,,20.75,62.041031,,8.68055,40.400002,2.260257,,4.86,3.1,8.06,151.53,11.151417,0.55,2.16,5.42,3.60172,0.5,25.530001,2.3,13.89,53.549999,21.26,,888.0,0.954545,165.0,5.0,6.508331,9.48,,2.41,0.421326,,0.285714,20.231789,276.0,3.1,47.959999,19.799999,1.9,0.5,,,146.02,,,13.99,69.865564,2.0,2.624994,0.5,,1.601024,,0.936841,46.704678,,0.5,1.34,3.333332
2013-03-01 10:15:00,0.268639,,0.53,,0.55,1.64,0.5,0.5,,10.03,10.23,7.524997,,,35.0,37.509998,,5.01,0.5,5.16,,2.083912,2.561341,23.940001,1.49,46.938323,,4.5,,21.299999,69.853606,,8.810758,36.709999,2.646881,,4.8,3.04,8.0,169.05,11.125703,0.5,2.19,5.15,3.582763,0.5,24.629999,2.41,16.799999,72.5,23.799999,,950.0,0.790908,163.2,5.0,6.241664,9.2,,2.19,0.479728,,0.285714,19.629929,265.0,2.94,47.549999,20.0,1.75,0.5,,,148.5,4.26,3.3,14.0,71.489922,2.0,2.834994,0.5,,1.579486,17.511086,0.884209,53.098885,,0.5,1.39,3.008332
2013-04-01 10:15:00,0.253878,,0.5,,0.67,1.336,0.5,0.5,,9.5,7.51,8.00833,,,33.599998,42.57,,4.32,0.5,4.89,,1.832405,2.429393,23.0,1.19,49.229772,,4.49,,20.1,68.263514,,7.213537,40.200001,2.636967,,4.11,2.9,6.6,141.0,11.922845,0.5,1.9,4.88,3.478503,0.5,24.1,2.0,14.8,100.1,22.0,,890.12,0.672727,160.0,5.0,5.083331,9.0,,1.64,0.479728,,0.285714,17.731751,266.98999,2.89,47.169998,19.0,1.59,0.5,,,162.0,3.84,2.75,15.01,69.746264,2.0,2.799994,0.5,,1.601024,14.777758,0.736841,55.862645,,0.5,1.1,2.608332
2013-05-01 10:15:00,0.268639,,0.5,,0.92,1.288,0.5,0.5,,10.55,8.25,8.33333,,,55.490002,45.0,,4.84,0.5,4.89,,1.832405,2.693289,24.0,1.25,61.83274,,5.7,,22.200001,90.111152,,9.835063,51.0,3.955451,,5.0,3.08,8.51,164.0,13.722843,0.5,1.75,5.42,4.265195,0.5,30.0,2.07,16.65,46.0,25.91,,1001.01,0.90909,177.89999,5.0,6.416664,11.12,,2.21,0.942769,,0.285714,24.333704,276.0,3.16,58.0,18.1,1.74,0.7,,,191.0,,3.11,15.28,81.125919,2.0,2.799994,0.5,,1.601024,11.999984,0.821051,55.853017,,0.5,0.89,2.899999
2013-06-03 10:15:00,0.271591,,0.5,,1.01,1.632,0.5,0.5,,10.55,11.38,7.916664,,,57.0,53.91,,6.43,0.5,4.89,,1.796476,2.693289,23.0,1.28,52.73969,,5.5,,19.799999,77.206617,,10.798604,39.799999,5.402808,,4.73,2.99,8.1,150.10001,13.285701,0.5,1.52,5.32,4.549541,0.5,40.889999,2.07,13.0,48.0,26.5,,960.0,1.245453,156.10001,5.0,6.058331,12.65,,2.74,0.725849,,0.285714,24.07444,251.07001,3.5,62.0,17.9,1.85,0.8,,,182.0,4.26,3.15,14.9,78.00569,2.0,2.356661,0.5,,1.443075,13.185166,0.799999,54.890034,,0.5,0.89,3.916665
2013-07-01 10:15:00,0.265687,,0.5,,0.97,1.296,0.5,0.5,,10.5,9.5,9.08333,,,53.900002,47.810001,,13.31,0.5,4.41,,1.796476,2.693289,33.669998,1.35,56.886122,,4.3,,19.75,96.508271,,10.41666,45.98,4.73861,,4.7,3.04,7.82,159.0,16.148555,0.5,1.58,5.32,4.634845,0.5,39.900002,2.03,12.5,44.5,27.0,,990.21997,1.363635,172.28999,5.0,5.533331,12.3,,2.89,0.654933,,0.285714,22.824421,245.00999,3.26,60.0,16.92,1.8,0.68,,,194.72,4.26,3.15,14.6,79.198721,2.0,2.566661,0.5,,1.443075,26.770332,0.789472,58.934564,,0.5,0.89,3.591665
2013-08-01 10:15:00,0.277495,,0.5,,0.77,1.52,0.5,0.5,,10.5,8.7,10.983329,,,52.849998,43.650002,,17.030001,0.5,4.41,,1.796476,2.429393,29.799999,1.4,52.466899,,4.5,,19.709999,85.478754,,8.940967,37.799999,4.24294,,3.8,2.77,7.33,157.05,13.911415,0.5,1.39,5.32,4.454759,0.5,37.389999,1.85,11.2,46.0,28.49,,935.0,1.099999,165.0,5.0,5.416665,10.95,,2.29,0.625732,,0.285714,19.092884,255.0,3.18,58.5,16.0,2.0,0.68,,,190.0,,3.06,14.64,76.886078,2.0,2.566661,0.5,,1.443075,26.770332,0.726315,52.964068,,0.5,0.82,3.324999
2013-09-02 10:15:00,0.230262,36585.078,0.5,,0.75,1.44,0.5,0.5,,10.5,8.7,9.891663,,,45.5,37.0,,16.99,0.5,4.41,,1.796476,2.429393,28.799999,1.61,55.112977,,3.8,,19.99,90.993513,,8.897564,38.0,3.687789,,3.8,2.57,7.4,157.0,16.457127,0.5,1.44,5.32,3.933457,0.5,32.5,1.85,10.35,46.0,25.65,,990.03003,1.045453,165.0,5.0,4.999998,12.21,,2.2,0.625732,,0.285714,17.639156,266.70001,2.99,69.0,16.4,1.87,0.62,,,190.0,,2.8,13.6,76.170262,2.0,2.508328,0.5,,1.443075,26.770332,0.736841,56.334509,,0.5,0.88,3.333332
2013-10-01 10:15:00,0.253878,37622.738,0.5,,0.84,2.04,0.5,0.5,,10.5,8.4,10.916662,,,55.060001,47.0,,16.15,0.5,4.36,,1.796476,2.429393,46.700001,1.82,55.467605,10.5,3.85,,21.540001,93.760083,,8.767355,37.619999,3.757182,,3.58,2.65,7.82,160.11,16.285698,0.5,1.35,5.32,4.34102,0.5,36.0,1.85,11.15,44.0,24.370001,,1100.0,1.090908,175.0,5.0,5.083331,11.61,,2.04,0.596531,1.77,0.285714,20.37068,252.0,2.94,66.010002,16.200001,1.83,0.63,,,190.0,4.26,2.5,13.88,78.00569,2.0,2.356661,0.5,,1.443075,28.140703,0.642104,63.556882,,0.5,0.9,3.541665
2013-11-01 10:15:00,0.253878,38920.852,0.5,,0.8,2.04,,0.5,,10.5,8.0,11.458329,,,62.849998,50.0,,16.950001,0.5,4.15,,1.832405,2.312969,67.93,3.56,55.831329,10.0,3.7,,21.299999,91.912639,,8.767355,37.5,4.153719,,3.38,2.67,7.51,165.00999,16.714269,0.5,1.2,5.32,3.980848,0.5,36.549999,1.85,14.06,42.400002,24.370001,,1249.5,1.018181,168.41,5.0,4.874998,12.77,,2.05,0.604874,2.03,0.285714,20.565126,260.0,3.0,65.0,16.110001,2.06,0.61,,5.93,195.0,4.26,4.17,15.0,81.860086,2.0,2.683327,0.5,,1.443075,40.325869,0.610525,61.39017,,0.5,0.99,3.833332
2013-12-02 10:15:00,0.247974,41329.191,0.5,,0.82,2.04,0.5,0.5,,10.5,8.0,12.024995,,,59.009998,48.450001,,16.91,0.5,4.15,,1.796476,1.98698,67.93,4.35,48.920608,10.0,4.18,,27.4,105.699535,,8.35937,37.0,4.262766,,3.69,2.69,8.9,170.0,18.299982,0.5,1.47,5.32,4.189369,0.5,38.5,1.85,24.25,44.0,23.16,,1200.0,1.145453,167.89999,5.0,5.166664,14.99,,2.45,0.625732,1.97,0.285714,26.574479,236.0,3.67,68.0,16.299999,3.32,0.67,,5.85,218.99001,4.26,4.51,16.200001,79.841118,2.0,2.858327,0.5,,1.371281,40.325869,0.789472,64.519865,,0.5,1.08,4.083332
2014-01-01 10:15:00,0.250926,40571.621,0.5,,0.94,1.944,0.5,0.5,,10.5,9.05,14.724994,,,58.27,47.68,,14.51,0.5,3.95,,2.012053,1.8007,51.990002,3.92,49.10247,10.0,4.35,,23.299999,104.780409,,7.986106,38.0,4.005018,,3.83,2.42,8.16,180.0,17.999982,0.5,1.3,5.32,4.075631,0.5,43.450001,1.68,19.16,40.599998,22.01,,1125.0,1.427271,156.5,5.0,4.991665,13.87,,2.26,0.625732,1.91,0.285714,27.417084,222.0,3.76,69.0,14.45,3.19,0.83,,5.85,234.49001,4.26,4.75,14.7,80.758832,2.0,2.74166,0.5,,1.371281,40.325869,0.842104,65.492479,,0.5,0.99,4.133332
2014-02-03 10:15:00,0.256831,39558.891,0.5,,0.94,1.592,0.5,0.5,,10.5,9.87,16.149993,,,86.25,46.549999,,14.51,0.5,3.95,,1.904264,1.8007,51.700001,4.0,42.782799,10.0,4.1,,20.5,97.004599,,7.986106,38.0,3.886057,,3.58,2.27,7.84,173.0,17.571411,0.5,1.3,5.32,4.170413,0.5,46.0,1.52,19.4,41.0,22.01,,1100.0,1.681817,152.0,5.0,4.691665,13.2,,2.17,0.596531,1.9,0.285714,27.222636,197.89999,3.91,69.0,13.24,4.04,0.74,,5.85,240.0,4.26,3.99,14.76,71.581692,2.0,2.683327,0.5,,1.371281,40.325869,0.85263,62.805756,,0.5,0.95,3.566665
2014-03-03 10:15:00,0.22731,38748.012,0.5,,0.9,1.44,0.5,0.5,,10.5,8.9,15.833327,,,78.550003,40.619999,,13.79,0.5,3.95,,1.796476,1.8007,51.900002,3.75,41.055123,11.02,4.0,,20.0,100.64434,,8.628466,31.1,3.142551,,3.38,2.2,7.0,172.95,17.571411,0.5,1.17,5.06,4.23676,0.5,40.0,1.57,16.299999,42.0,22.01,,1050.0,1.318181,152.98,5.0,4.416665,12.21,,2.0,0.571502,2.04,0.285714,22.407749,200.0,3.87,70.0,12.6,2.96,0.61,,5.85,241.92999,4.26,3.83,13.2,62.404552,2.0,2.426661,0.5,,1.371281,40.325869,0.831578,52.492204,,0.5,0.75,3.541665
2014-04-01 10:15:00,0.233214,38485.559,0.5,,0.82,1.44,0.5,0.5,,10.5,8.75,15.808326,,,75.050003,40.349998,,13.79,0.5,3.95,,1.796476,1.8007,49.200001,3.45,43.191987,11.02,4.0,,22.700001,99.725213,,8.637147,36.0,3.271425,,3.54,1.95,6.75,161.2,19.714266,0.5,1.19,5.06,3.942935,0.5,40.119999,1.57,16.0,33.5,22.01,,1040.0,1.127272,150.0,5.0,3.833332,11.51,,1.78,0.558987,1.61,0.285714,24.07444,176.0,3.69,69.5,14.16,3.04,0.71,,5.48,226.00999,4.26,3.61,13.5,62.799169,2.0,2.694994,0.5,,1.371281,38.311058,0.799999,54.466323,,0.5,0.72,3.583332
2014-05-01 10:15:00,0.24207,41474.391,0.5,,0.82,1.368,0.5,0.5,,10.5,10.0,13.51666,,,75.309998,37.509998,,13.79,0.5,3.95,,1.796476,1.8007,48.41,3.9,45.456159,10.47,4.04,,25.4,103.401719,,9.166661,36.0,3.132638,,4.3,2.1,7.67,166.05,20.374265,0.5,1.04,5.06,4.312586,0.5,36.0,1.57,18.209999,33.099998,22.01,,1073.0,0.972726,176.09,5.0,4.166665,12.98,,1.78,0.558987,1.75,0.285714,24.083699,179.99001,4.0,68.150002,15.3,3.23,0.6,,5.48,235.0,4.26,3.51,16.799999,70.34278,2.0,2.84666,0.5,,1.371281,38.140689,0.905262,62.593899,,0.5,0.79,3.516665
2014-06-02 10:15:00,0.239118,42482.488,0.5,,0.9,1.368,0.5,0.5,,10.5,9.0,13.824994,,,80.0,40.0,,10.17,0.5,3.95,,1.796476,1.715322,65.400002,5.05,49.10247,10.47,4.69,,25.049999,102.023029,,8.654509,37.400002,3.162378,,4.2,2.07,7.7,179.60001,22.285692,0.5,1.0,4.91,4.748583,0.5,35.009998,1.5,29.25,33.900002,19.75,,1150.0,1.145453,171.99001,5.0,4.041665,11.0,,1.75,0.558987,1.5,0.285714,24.722599,200.0,4.0,64.0,15.6,3.25,0.58,,5.0,240.0,4.26,4.55,16.889999,71.581692,2.0,3.05666,0.52,,1.371281,51.851779,0.894736,59.704949,,0.5,0.8,3.666665
2014-07-01 10:15:00,0.24207,42097.488,0.5,,0.87,1.368,0.5,0.5,,10.43,8.6,13.583327,,,74.25,39.0,,8.74,0.5,3.95,,1.796476,1.715322,62.32,5.5,44.783271,9.95,4.4,,25.08,110.295167,,7.473953,39.0,3.152464,,4.26,2.0,7.7,171.55,26.777116,0.5,1.0,4.91,4.170413,0.5,38.009998,1.8,27.98,32.799999,19.75,,1120.0,1.099999,180.10001,5.0,4.158332,10.65,,1.58,0.588188,1.63,0.285714,24.676301,195.0,4.18,65.010002,14.48,3.3,0.5,,5.0,230.0,4.26,4.0,16.5,67.892484,2.0,2.974993,0.54,,1.371281,45.918456,0.831578,58.741966,,0.5,0.87,3.583332
2014-08-01 10:15:00,0.236166,41532.328,0.5,,0.68,1.24,0.5,0.5,,10.43,9.0,15.708327,,,59.849998,39.049999,,8.3,0.5,3.95,,1.796476,1.715322,65.050003,6.1,44.146757,8.7,4.35,,24.6,107.546979,,7.031246,35.0,3.251598,,4.25,1.98,7.6,180.0,25.71426,0.5,0.87,4.91,4.549541,0.5,36.299999,2.38,27.450001,34.5,19.950001,,1079.99,0.945454,177.0,5.0,4.124998,10.19,,1.42,0.588188,1.58,0.285714,25.92632,185.0,4.17,65.989998,15.04,3.36,0.57,,5.0,225.0,4.26,3.72,16.9,62.505501,2.0,2.91666,0.52,,1.371281,41.451793,0.85263,56.816,,0.5,0.79,3.458332
2014-09-01 10:15:00,0.239118,41210.102,0.5,,0.65,1.056,0.5,0.5,,10.43,8.6,15.708327,,,52.5,39.0,,10.18,0.5,3.95,,1.796476,1.715322,47.009998,5.8,42.600937,8.68,4.13,,24.5,116.508461,,7.543398,35.0,2.874889,,4.3,1.99,6.62,180.0,28.799969,0.5,0.89,4.67,4.350499,0.5,37.5,2.49,26.280001,34.0,21.99,,1090.0,0.963635,176.0,5.0,4.183332,9.7,,1.77,0.617389,1.35,0.285714,27.7782,214.98,3.91,62.610001,13.41,3.16,0.52,,4.8,222.0,4.26,3.84,18.700001,56.879914,2.0,3.499992,0.54,,1.306665,41.481423,0.831578,55.612271,,0.5,0.74,3.574999
2014-10-01 10:15:00,0.250926,37550.238,0.5,,0.65,1.056,0.5,0.5,,10.43,8.0,17.499993,,,42.779999,41.900002,,14.2,0.5,3.95,,1.796476,1.715322,49.23,4.04,32.825909,9.0,4.15,,21.200001,101.094712,,6.857635,23.84,2.954196,,3.89,1.95,4.75,157.71001,25.371403,0.5,0.9,4.67,3.791284,0.5,30.450001,2.61,21.66,31.35,21.99,,980.0,0.881817,162.0,5.0,4.241665,8.1,,1.72,0.617389,1.51,0.285714,29.16711,161.5,3.96,54.0,11.58,2.88,0.55,,4.8,215.0,4.26,3.5,19.0,56.347641,2.0,3.499992,0.52,,1.306665,41.481423,0.789472,51.038102,,0.5,0.66,3.508332
2014-11-03 10:15:00,0.233214,34543.051,0.5,,0.6,0.76,0.5,0.5,,10.43,8.7,18.374992,,,43.5,36.18,,9.8,0.5,3.95,,1.796476,1.715322,49.23,3.9,32.544027,10.0,4.13,,20.52,73.530111,,7.317704,28.5,2.428785,,3.3,1.6,5.13,157.47,26.571402,0.5,0.85,4.67,3.829197,0.5,28.799999,2.36,20.76,30.0,19.0,,860.0,0.854545,172.12,5.0,4.083332,7.87,,1.7,0.617389,1.4,0.285714,24.07444,158.0,3.29,52.0,9.95,3.0,0.5,,4.34,179.89999,4.26,3.29,17.5,46.170192,2.0,3.674992,0.5,,1.306665,41.481423,0.673683,41.697165,,0.5,0.66,3.208332
2014-12-01 10:15:00,0.239118,34657.148,0.5,,0.55,0.944,0.5,0.5,,10.43,9.0,23.149992,,,40.0,37.5,,6.98,0.5,3.95,,1.796476,2.631196,38.110001,3.25,32.553118,10.0,4.22,,18.41,73.989675,,7.378467,23.799999,2.260257,,2.49,1.62,4.3,142.5,23.142834,0.5,0.77,4.67,3.734415,0.5,24.5,2.14,16.110001,25.35,18.049999,,1011.75,0.70909,165.3,5.0,4.133332,6.22,,1.58,0.617389,1.35,0.285714,21.639219,168.14999,3.46,50.0,8.8,3.04,0.5,,4.13,200.0,4.26,2.98,18.58,35.97439,2.0,3.733325,0.5,,1.306665,39.407353,0.684209,32.741424,,0.5,0.64,3.358332
2015-01-01 10:15:00,0.236166,29562.07,0.5,,0.51,0.944,0.5,0.5,,10.43,9.0,24.99999,,,40.25,38.75,,5.62,0.5,3.95,,1.796476,2.631196,36.209999,2.82,31.371023,10.0,3.97,,16.01,75.873886,,8.246522,29.639999,2.18095,,2.05,1.25,3.5,144.0,22.285692,0.5,0.61,4.44,3.506938,0.5,32.66,2.24,15.39,27.450001,18.049999,,800.25,0.672727,142.02,5.0,3.999999,6.5,,1.44,0.617389,1.27,0.285714,19.59289,129.99001,3.0,40.0,7.09,2.76,0.5,,4.13,156.0,4.26,2.67,16.18,34.001303,2.0,3.499992,0.5,,1.306665,37.436985,0.557894,35.822971,,0.5,0.51,2.991665
2015-02-02 10:15:00,0.221406,30103.811,0.5,,0.53,0.808,,0.5,,10.43,9.0,22.566658,,,37.900002,39.779999,,5.1,0.5,3.95,,1.796476,2.631196,32.700001,2.68,31.107323,10.0,4.2,,17.6,78.125743,,8.541661,28.99,2.21069,,2.2,1.28,3.47,140.00999,21.42855,0.5,0.73,4.44,3.412156,0.5,32.380001,2.24,13.99,30.52,18.049999,,820.0,0.645454,140.0,5.0,3.591665,6.36,,1.65,0.617389,1.21,0.285714,16.657661,123.5,2.98,42.0,7.7,2.66,0.5,,4.13,153.0,4.26,2.7,16.4,31.661133,2.0,3.499992,0.5,,1.306665,37.436985,0.652631,38.875625,,0.5,0.5,2.999999
2015-03-02 10:15:00,0.265687,31753.15,0.5,,0.55,0.848,0.5,,,10.43,8.0,18.808326,,,38.5,34.0,,7.02,0.5,3.95,,1.796476,2.631196,39.130001,3.14,38.372672,10.0,4.7,,20.98,77.206617,,8.819439,27.799999,2.141297,,2.88,1.72,4.06,180.0,24.582833,0.5,0.73,4.44,3.412156,0.5,27.790001,2.13,14.5,29.84,18.049999,,845.0,0.663636,143.7,5.0,4.841665,7.5,,1.52,0.64659,1.12,0.285714,17.500266,132.19,3.0,44.099998,8.7,2.67,0.5,,4.0,160.0,4.26,3.05,18.0,32.276,2.0,3.558325,0.5,,1.306665,37.436985,0.726315,31.200653,,0.5,0.5,3.333332
2015-04-01 10:15:00,0.301112,34708.109,0.5,,0.63,0.848,0.5,0.5,,10.43,9.5,24.99999,,,39.900002,35.66,,7.39,0.5,3.95,,1.868335,2.631196,36.209999,3.2,38.472695,10.0,4.83,,21.15,86.397881,,8.871522,28.5,2.309824,,3.34,1.86,5.29,155.5,25.242833,0.5,1.01,4.44,3.582763,0.5,30.09,2.13,18.0,27.41,18.049999,,950.0,0.936363,157.00999,5.0,5.249998,8.25,,1.63,0.64659,1.43,0.285714,19.898451,170.0,3.28,55.0,9.8,2.85,0.5,,4.0,184.5,4.26,2.72,20.700001,32.7991,2.0,3.499992,0.5,,1.306665,37.436985,0.757894,40.445288,,0.5,0.52,4.024998
2015-05-01 10:15:00,0.295208,34310.371,0.5,,0.55,0.8,0.5,0.5,,10.43,10.0,33.308321,,,40.0,41.0,,6.75,0.5,3.95,,2.515066,2.631196,41.0,3.1,40.918725,10.0,6.05,,21.440001,90.074386,,8.784717,29.18,2.379218,,3.09,1.93,5.4,174.0,25.628546,0.5,0.79,4.44,5.070842,0.5,35.200001,2.23,18.9,29.5,18.049999,,850.0,1.090908,150.10001,5.0,5.316665,8.0,,1.62,0.654933,1.15,0.285714,18.5188,163.0,3.72,44.0,9.38,3.1,0.5,,4.0,180.0,4.26,2.75,21.530001,33.221248,2.0,3.499992,0.5,,1.306665,37.436985,0.85263,39.674903,,0.5,0.54,4.491665
2015-06-01 10:15:00,0.277495,33456.828,0.5,,0.52,0.728,0.5,0.5,,10.43,11.24,29.583322,,,35.029999,41.0,,6.25,0.5,3.95,,1.940194,2.468202,40.849998,2.71,41.373378,10.0,5.89,,19.25,93.741701,,8.498258,30.450001,2.141297,,3.0,1.72,4.99,165.0,23.142834,0.5,0.77,4.44,4.758062,0.5,35.0,2.2,15.7,28.76,18.049999,,857.0,1.263635,149.98,5.0,4.158332,8.0,,1.57,0.625732,1.26,0.285714,17.602119,162.81,3.5,44.0,7.94,2.8,0.5,,3.98,180.0,4.26,2.45,22.5,31.202276,2.0,3.301659,0.5,,1.306665,37.436985,0.789472,40.92678,,0.5,0.5,4.716665
2015-07-01 10:15:00,0.245022,30180.27,0.5,,0.51,0.728,0.5,0.5,,10.35,9.8,35.833319,,,35.049999,37.950001,,5.36,0.5,3.95,,1.796476,2.79419,40.849998,2.06,32.744071,10.0,6.03,,16.059999,94.75274,,6.727426,27.549999,1.784414,,2.74,1.5,4.21,163.0,18.531411,0.5,0.71,4.44,4.672757,0.5,31.190001,2.14,12.5,26.0,15.49,,850.0,1.381817,121.0,5.0,4.249998,6.13,,1.31,0.550644,1.14,0.285714,16.889146,125.1,2.95,40.0,6.9,2.73,0.5,,2.95,171.0,4.26,2.34,19.030001,26.613706,2.0,2.95166,0.5,,1.306665,36.785134,0.642104,36.593356,,0.5,0.5,4.658332
2015-08-03 10:15:00,0.250926,29684.84,0.5,,0.53,0.584,0.5,0.5,,10.35,8.34,35.833319,,,28.559999,37.049999,,4.24,0.5,3.95,,1.796476,2.002503,33.279999,2.32,36.3722,10.0,4.7,,14.4,90.083579,,5.468747,24.15,1.635713,,2.39,1.37,3.31,151.99001,16.285698,0.5,0.53,4.37,3.60172,0.5,31.0,2.14,11.1,21.6,10.47,,840.0,1.063635,121.49,5.0,3.899998,6.01,,1.23,0.525615,0.91,0.297143,15.74098,137.99001,2.44,35.0,5.69,2.58,0.5,,2.81,170.0,,1.83,17.99,21.72229,2.0,2.566661,0.5,,1.306665,36.785134,0.684209,33.771816,,0.5,0.5,4.766665
2015-09-01 10:15:00,0.256831,31217.77,0.5,,0.55,0.496,0.5,0.5,,10.35,10.42,35.58332,,,24.0,37.049999,,4.36,0.5,3.95,,1.796476,2.328492,27.41,2.29,41.036936,10.0,5.73,,16.809999,90.074386,,5.112844,26.200001,1.784414,,2.35,1.59,4.21,150.0,19.07141,0.5,0.54,4.16,3.961892,0.5,30.549999,2.14,10.5,28.0,9.46,,869.98999,0.927272,147.0,5.0,3.708332,6.7,,1.26,0.525615,0.95,0.285714,16.648401,156.50999,2.68,35.200001,6.2,2.67,0.5,,2.67,179.99001,,1.91,18.549999,20.382427,2.0,3.033326,0.5,,1.24205,36.785134,0.726315,30.333966,,0.5,0.5,4.916665
2015-10-01 10:15:00,0.250926,29190.539,0.5,,0.5,0.472,0.5,0.5,,9.84,9.770001,38.499985,,,20.15,38.0,,4.35,0.5,3.95,,1.796476,2.204306,27.41,1.81,35.171917,10.0,5.73,,17.6,88.245327,,5.034719,24.0,1.586146,,1.96,1.42,3.5,150.00999,16.208555,0.5,0.53,4.16,4.075631,0.5,30.5,2.14,6.01,29.02,8.99,,825.01001,0.936363,136.85001,5.0,3.349999,7.0,,1.18,0.500585,0.65,0.285714,14.81504,125.0,2.58,38.200001,5.1,2.65,0.5,,2.67,163.03,4.26,1.61,18.6,19.418828,2.0,3.09166,0.5,,1.24205,36.785134,0.736841,25.499791,,0.5,0.5,4.441665
2015-11-02 10:15:00,0.271591,27617.449,0.5,,0.5,0.472,,0.5,,,9.75,40.424982,,,20.0,38.0,,3.85,0.5,3.76,,1.796476,2.173259,27.41,1.7,36.281271,10.0,5.73,,15.4,81.802249,,5.043399,27.129999,1.496925,,1.96,1.39,3.71,143.0,14.742843,0.5,0.5,4.16,3.791284,0.5,31.0,2.14,5.7,26.9,8.99,,810.0,0.845454,120.0,5.0,3.208332,7.0,,0.94,0.500585,0.62,0.285714,14.81504,123.0,2.08,37.07,5.45,2.5,0.5,,2.67,158.0,,1.7,16.059999,19.244462,2.0,3.149993,0.5,,1.24205,36.785134,0.715788,25.037559,,0.5,0.5,3.949998
2015-12-01 10:15:00,0.268639,28642.25,0.5,,0.5,0.44,0.5,0.5,,9.84,10.0,44.54165,,,17.15,37.599998,,3.37,0.5,3.58,,1.796476,2.359539,24.74,1.52,39.327441,10.0,6.0,,14.05,88.971437,,5.98958,25.700001,1.318484,,1.69,1.5,3.38,147.00999,14.168558,0.5,0.5,4.16,4.028239,0.5,33.0,2.25,5.9,30.299999,8.55,,860.0,0.80909,136.0,5.0,3.149999,7.15,,1.1,0.525615,0.71,0.285714,14.805781,120.4,2.05,34.200001,5.13,2.49,0.5,,,170.0,,2.05,16.799999,19.08845,2.0,3.138326,0.5,,1.24205,36.785134,0.715788,19.981898,1.31,0.5,0.5,4.508331
2016-01-01 10:15:00,0.253878,23916.15,0.5,,0.5,0.44,0.5,,,9.84,9.01,44.54165,,,19.0,37.200001,,3.07,0.5,3.58,,1.796476,2.468202,24.74,1.23,32.04391,10.0,5.7,,12.61,73.530111,,4.765622,21.0,1.24909,,0.98,1.36,2.89,150.0,11.657131,0.5,0.5,4.16,3.60172,0.5,33.25,2.25,4.0,30.5,7.73,,739.98999,0.781817,100.01,5.0,3.124999,7.02,,1.0,0.483899,0.86,0.285714,14.81504,115.5,1.46,26.99,3.93,2.4,0.5,,2.67,128.91,4.26,1.8,14.76,16.748281,2.0,2.613327,0.5,,1.24205,36.785134,0.715788,19.259661,1.32,0.5,0.5,3.799998
2016-02-01 10:15:00,0.236166,24570.73,0.5,,0.5,0.424,0.5,0.5,,9.84,9.3,41.66665,,,17.200001,35.779999,,2.83,0.5,3.58,,1.796476,2.406108,17.43,1.1,26.369845,10.0,5.7,,11.07,77.68456,,4.600692,21.9,1.179696,,0.76,1.1,2.88,145.0,12.214274,0.5,0.5,3.96,3.60172,0.5,34.25,2.14,2.97,30.0,6.65,,715.0,0.599999,101.0,5.0,3.333332,7.0,,0.98,0.5131,0.9,0.285714,18.05583,113.0,1.33,24.98,3.89,2.66,0.5,,2.67,141.75,4.26,1.82,16.75,15.995755,2.0,2.181662,0.5,,1.24205,34.948099,0.757894,19.259661,1.33,0.5,0.5,3.816665
2016-03-01 10:15:00,0.236166,25306.221,0.5,,0.5,0.456,0.5,0.5,,9.84,9.46,37.916652,,,14.77,38.5,,3.08,0.5,3.58,,1.796476,2.072358,20.1,1.06,26.369845,10.0,5.7,,10.75,70.772732,,4.861108,22.709999,1.060735,,0.88,1.34,3.14,153.82001,12.85713,0.5,0.5,3.96,3.60172,0.5,34.599998,2.14,4.18,29.85,6.65,,700.0,0.627272,107.0,5.0,3.149999,7.25,,0.91,0.488071,0.84,0.285714,18.972511,104.5,1.44,24.98,3.15,2.43,0.5,,,167.8,,1.84,14.51,17.757766,2.0,2.181662,0.5,,1.24205,34.948099,0.799999,19.721893,1.43,0.5,0.5,4.516665
2016-04-01 10:15:00,0.22731,25062.41,0.5,,0.5,0.512,0.5,0.5,,9.84,8.84,36.024986,,,15.5,38.5,,2.9,0.5,3.58,,1.796476,3.096894,16.450001,0.99,27.924756,10.0,5.7,,12.7,62.491402,,3.993053,21.360001,0.802986,,1.0,1.17,3.4,154.19,11.871417,0.5,0.5,3.96,3.60172,0.5,35.759998,1.95,4.56,29.0,6.65,,615.26001,0.627272,115.89,5.0,3.049999,8.7,,0.8,0.550644,0.85,0.285714,18.5188,91.279999,1.56,22.549999,3.6,2.64,0.5,,2.67,163.39999,4.26,2.3,14.98,19.271994,2.0,2.613327,0.5,,1.184614,33.207362,0.842104,17.362585,1.65,0.5,0.5,4.516665
2016-05-02 10:15:00,0.22731,27671.08,0.5,,0.5,0.528,0.5,0.5,,9.75,7.8,36.024986,,,16.85,36.799999,,2.9,0.5,3.58,,1.796476,4.237855,23.0,1.31,29.106851,10.0,4.64,,14.98,70.377508,,4.991316,21.66,1.100389,,1.71,1.33,4.75,170.0,14.408556,0.5,0.5,3.96,4.075631,0.5,36.5,1.77,7.13,29.02,6.65,,784.65997,0.818181,135.0,5.0,4.491665,8.36,,1.2,0.579845,0.79,0.285714,18.379909,104.32,1.77,21.0,3.95,2.96,0.5,,2.67,167.00999,4.26,3.08,16.32,19.684966,2.0,2.578327,0.5,,1.184614,27.059221,0.842104,19.124844,2.3,0.5,0.5,3.883332
2016-06-01 10:15:00,0.215502,29597.789,0.5,,0.5,0.552,0.5,0.5,,9.75,8.05,35.691654,,,17.35,34.68,,4.25,0.5,3.58,,1.796476,4.656984,23.1,1.77,30.007065,10.0,4.58,,15.77,67.564983,,4.42708,23.0,1.100389,,1.6,1.34,4.7,190.0,13.885701,0.5,0.5,3.96,4.075631,0.5,37.0,1.7,6.5,32.0,6.65,,850.0,1.081817,138.0,5.0,3.533332,7.96,,1.19,0.538129,0.68,0.285714,18.472504,109.25,1.77,23.02,3.89,3.22,0.5,,2.67,192.0,4.26,2.67,16.0,20.749514,2.0,2.91666,0.5,,1.184614,25.711074,1.073683,19.250031,2.48,0.5,0.5,3.324999
2016-07-01 10:15:00,0.218454,28009.93,0.5,,0.5,0.528,0.5,0.5,,9.75,7.63,32.216654,,,14.27,37.0,,3.66,0.5,3.58,,1.796476,4.656984,25.219999,1.31,31.50742,10.0,4.58,,16.91,51.471078,,3.62847,18.6,0.90212,,1.4,1.23,4.55,181.5,11.357132,0.5,0.5,3.96,4.009283,0.5,38.849998,1.73,5.6,33.66,6.65,,850.0,1.072726,137.99001,5.0,3.333332,8.09,,1.14,0.538129,0.59,0.285714,17.944716,94.5,1.52,18.450001,3.41,3.02,0.5,,2.67,180.0,4.26,2.35,12.74,18.537824,2.0,2.508328,0.5,,1.184614,28.725885,0.926314,19.962639,2.4,0.5,0.5,2.616666
2016-08-01 10:15:00,0.185981,27599.029,0.5,,0.5,0.44,0.5,0.5,,9.75,6.89,32.216654,,,14.0,30.09,1.46,2.58,0.5,3.58,,1.796476,4.656984,20.57,1.1,35.462895,10.0,4.58,,14.9,53.309331,,3.645831,18.200001,0.882293,,1.02,0.89,4.35,240.0,12.428559,0.5,0.5,3.96,3.724937,0.5,45.299999,1.63,4.92,36.0,6.65,,825.0,1.072726,140.02,5.0,2.916666,8.01,,0.88,0.538129,0.59,0.285714,18.296574,93.510002,1.33,18.51,3.05,2.6,0.5,,2.67,175.89,4.26,2.74,11.54,18.35428,2.0,2.426661,0.5,,1.184614,27.148112,0.884209,19.741153,2.29,0.5,0.5,2.524999
2016-09-01 10:15:00,0.180077,28335.4,0.5,,0.5,0.408,0.5,0.5,,9.75,6.89,25.041656,,,16.49,33.25,0.76,2.51,0.5,3.41,,1.796476,4.641461,36.099998,1.03,42.737335,10.0,4.58,,15.21,50.368125,,3.94097,20.700001,0.852553,,1.07,0.88,4.2,295.0,14.571414,0.5,0.5,3.96,3.696502,0.5,40.0,1.87,5.4,38.0,6.01,,825.0,0.818181,150.0,5.0,2.883332,8.05,,0.98,0.538129,0.66,0.285714,18.472504,97.989998,1.39,19.6,3.16,2.7,0.5,,2.67,183.0,4.26,3.09,11.5,20.116291,2.0,2.333328,0.5,,1.184614,29.555516,0.863157,20.030047,2.34,0.5,0.5,2.391666
2016-10-03 10:15:00,0.185981,27220.09,0.5,,0.5,0.4,0.5,0.5,,9.75,6.89,26.24999,,,12.95,33.75,1.1,2.46,0.5,3.41,,1.796476,3.97396,35.900002,0.91,45.46525,10.0,4.36,,14.7,43.658504,,3.923609,17.5,0.763333,,1.06,0.88,4.25,345.0,14.571414,0.5,0.5,3.77,3.791284,0.5,43.849998,1.62,4.94,43.049999,6.01,,795.0,0.781817,146.13,5.0,2.141666,8.0,,0.84,0.538129,0.7,0.285714,18.444725,80.0,1.19,14.92,3.0,2.46,0.5,,2.67,175.0,4.26,2.81,10.71,17.509983,2.0,2.251661,0.5,0.83,1.184614,32.111065,0.842104,18.826318,2.5,0.5,0.5,2.049999
2016-11-01 10:15:00,0.174172,25241.631,0.5,,0.5,0.4,0.5,0.5,,9.75,6.23,27.558322,,,11.07,33.0,0.94,2.45,0.5,3.41,,1.796476,3.97396,34.110001,0.7,43.64664,10.0,4.09,,13.8,39.246698,,3.888886,15.2,0.723679,,1.01,0.79,4.3,258.89999,12.85713,0.5,0.5,3.77,4.217803,0.5,44.07,1.7,3.79,36.200001,6.01,,810.06,0.654545,145.0,5.0,2.033333,6.66,,0.91,0.538129,0.78,0.285714,17.055815,89.0,1.0,14.0,3.1,2.7,0.5,,2.67,154.0,4.26,2.98,9.86,17.886246,2.0,1.994995,0.5,0.83,1.184614,33.711062,0.736841,15.552176,2.45,0.5,0.52,1.999999
2016-12-01 10:15:00,0.185981,26874.619,0.5,,0.5,0.4,0.5,0.5,,9.75,6.4,25.266657,,,10.29,32.0,0.9,2.45,0.5,3.41,,1.796476,3.88082,37.48,0.87,31.825675,10.0,4.24,,14.75,37.638227,,4.774303,14.5,0.832726,,1.1,0.84,4.5,299.0,12.85713,0.5,0.5,3.77,4.170413,0.5,40.099998,1.78,4.7,40.169998,6.01,,810.0,0.70909,147.99001,5.0,2.633332,8.5,,0.94,0.538129,0.77,0.285714,17.12989,83.050003,1.3,15.75,3.35,3.05,0.5,,2.67,173.99001,4.26,3.1,10.28,16.968532,2.0,1.948329,0.5,0.87,1.184614,32.029586,1.105262,16.187744,2.73,0.5,0.5,1.999999
2017-01-02 10:15:00,0.174172,26036.24,0.5,,0.5,0.4,0.5,0.5,,9.75,6.08,24.99999,,,9.44,32.0,0.75,2.38,0.5,3.41,,1.796476,3.88082,35.490002,0.8,32.280328,10.0,4.24,,15.7,37.693371,,4.296872,13.54,0.8129,,1.33,0.92,4.77,290.01001,14.828556,0.5,0.5,3.77,4.179891,0.5,44.200001,1.86,4.66,44.18,6.01,,727.0,0.590908,139.8,5.0,2.258332,7.83,,1.0,0.538129,0.77,0.285714,16.009504,64.150002,1.1,15.35,3.5,3.16,0.5,,2.67,166.0,4.26,3.62,10.15,16.977709,2.0,1.854996,0.5,0.87,1.184614,28.91107,0.85263,15.88922,3.5,0.5,0.51,1.991666
2017-02-01 10:15:00,0.168268,25329.08,0.5,,0.5,0.4,0.5,0.5,,9.75,6.38,31.891654,,,8.55,29.6,0.93,2.35,0.5,3.41,,1.796476,3.88082,35.0,0.69,26.351659,10.0,4.03,,14.7,35.845929,,4.25347,13.99,0.77,1.4,1.23,0.81,5.0,283.0,15.411413,0.5,0.5,3.77,4.179891,0.5,47.0,1.95,4.9,46.380001,6.01,,570.0,0.627272,129.2,5.0,2.041666,7.0,,1.0,0.538129,0.68,0.285714,14.537258,65.349998,1.0,14.1,3.16,2.87,0.5,,2.67,168.99001,4.26,3.28,9.96,16.335308,2.0,1.831663,0.5,0.87,1.184614,28.91107,0.85263,13.144719,3.53,0.5,0.5,1.433333
2017-03-01 10:15:00,0.15646,25516.34,0.5,,0.5,0.4,0.5,0.5,,9.75,6.38,36.899984,,,8.37,28.200001,0.93,2.47,0.5,3.41,,1.796476,3.88082,35.0,0.71,31.825675,10.0,4.03,,14.05,39.513245,,4.340275,14.0,0.59,1.21,1.21,0.79,5.77,269.98001,15.239986,0.5,0.5,3.77,4.179891,0.5,47.0,1.95,5.0,50.0,6.01,,750.0,0.527272,127.0,5.0,1.749999,7.1,,0.95,0.554816,0.68,0.285714,14.81504,60.509998,1.05,14.0,3.05,2.41,0.5,,2.54,165.0,4.26,3.39,8.7,16.335308,2.0,1.854996,0.5,0.79,1.184614,28.91107,0.842104,12.51878,2.81,0.5,0.5,1.624999
2017-04-03 10:15:00,0.15646,25767.26,0.5,,0.5,0.4,0.5,0.5,,9.75,5.88,38.333318,,,9.3,33.0,0.93,2.35,0.5,3.41,,2.443207,3.88082,33.25,0.88,28.924991,10.0,4.03,,14.9,46.801914,,4.288192,14.92,0.74,1.15,0.96,0.82,5.82,263.0,22.499978,0.5,0.5,3.77,3.980848,0.5,45.0,1.99,5.78,47.049999,6.01,,727.0,0.50909,123.01,5.0,2.083333,8.49,,0.85,0.563159,0.82,0.285714,16.51877,60.009998,1.17,14.09,3.17,2.69,0.5,,2.54,159.0,4.26,3.03,7.71,16.518852,2.0,1.831663,0.5,0.73,1.184614,28.91107,0.894736,13.934365,2.87,0.5,0.5,1.666666
2017-05-01 10:15:00,0.153508,29498.311,0.5,,0.5,0.4,0.5,0.5,,9.75,6.17,40.241651,,,9.89,32.049999,0.96,2.29,0.5,3.41,,2.443207,3.88082,33.900002,1.2,34.089846,10.0,4.03,,18.950001,44.118067,,4.401039,18.700001,0.9,0.95,1.15,1.04,7.5,265.0,22.285692,0.5,0.5,3.77,4.123021,0.5,51.0,2.08,8.45,52.5,6.01,,875.01001,0.572727,149.5,5.0,2.291666,8.5,,1.49,0.563159,0.74,0.36,19.491036,71.0,1.38,17.0,5.3,2.9,0.5,,2.54,175.0,4.26,3.73,10.6,19.271994,2.0,2.624994,0.5,0.7,1.184614,28.91107,0.999998,14.435116,3.2,0.5,0.51,2.108332
2017-06-01 10:15:00,0.177125,33117.48,0.5,,0.5,0.4,0.5,0.5,,9.66,7.2,43.474981,,,14.0,32.0,1.01,2.95,0.5,3.41,,2.22763,3.803204,44.560001,1.43,36.869999,10.0,3.57,,20.889999,45.95632,,5.312497,22.92,0.95,0.7,1.25,1.31,8.76,280.0,28.285686,0.5,0.5,3.77,4.577975,0.5,73.0,2.25,7.3,58.490002,5.71,,901.0,0.781817,161.0,5.0,2.541666,9.3,,3.88,0.563159,0.87,0.365714,28.305986,71.5,1.76,20.450001,6.38,2.9,0.5,,2.54,204.99001,4.26,3.81,13.97,24.778278,2.0,2.589994,0.5,0.7,1.184614,27.62959,1.105262,17.314435,3.26,0.5,0.5,2.233333
2017-07-03 10:15:00,0.168268,35847.75,0.5,,0.5,0.4,0.5,0.5,,9.66,6.8,50.283313,,,10.97,34.990002,1.15,2.85,0.5,3.24,,2.694714,3.88082,36.400002,1.44,39.66,10.0,2.76,,24.610001,53.051976,,4.548608,23.0,0.78,0.69,1.25,1.25,9.7,270.0,30.7714,0.5,0.5,3.59,4.739105,0.5,76.860001,2.25,7.98,80.029999,5.5,,1003.7,0.727272,167.0,5.0,2.316666,10.42,,3.07,0.563159,0.83,0.348571,30.676393,65.050003,2.2,20.0,6.0,3.2,0.5,,2.54,223.75,4.26,3.8,16.5,26.613706,2.0,2.449994,0.5,0.73,0.933332,26.251814,1.410524,15.985519,3.01,0.5,0.5,2.283332
2017-08-01 10:15:00,0.165316,35504.621,0.5,,0.5,0.4,0.5,0.5,,9.66,7.0,49.866647,,,11.47,34.0,1.12,2.4,0.5,3.24,,3.592952,3.88082,27.700001,1.3,39.290001,10.0,2.8,,23.0,52.371822,,6.0,27.299999,0.9,0.77,1.07,1.35,9.1,245.0,32.802824,0.5,0.5,3.25,4.151456,0.5,68.389999,2.25,6.81,65.639999,5.5,,1220.0,0.790908,180.03,5.0,2.691666,13.0,,3.01,0.550644,0.77,0.382857,34.25978,75.5,2.01,21.01,5.7,3.12,0.5,,2.54,205.0,4.26,3.59,18.0,26.613706,2.0,2.274995,0.5,0.7,0.82,24.933298,1.05263,14.425486,3.05,0.5,0.5,2.324999
2017-09-01 10:15:00,0.162364,35439.98,0.5,,0.5,0.4,0.5,0.5,,9.66,7.0,47.374979,,,10.99,32.5,1.04,2.39,0.5,3.24,,5.856512,3.88082,27.549999,1.36,43.610001,10.0,2.57,,23.4,46.581326,,5.76,26.0,0.84,0.7,1.07,1.34,8.64,231.0,33.857109,0.5,0.5,3.25,4.50215,0.5,59.0,2.25,5.93,63.209999,5.5,,1220.11,0.618181,165.0,5.0,2.583332,12.02,,2.64,0.500585,0.74,0.394285,34.25978,95.010002,2.02,22.0,5.64,3.5,0.5,,2.54,212.99001,4.26,3.46,17.5,24.365306,2.0,2.333328,0.5,0.7,0.66,23.688856,1.221051,14.444746,3.03,0.5,0.5,2.091666
2017-10-02 10:15:00,0.153508,36680.289,0.5,,0.5,0.4,0.5,0.5,,9.66,7.0,45.008314,,,10.5,34.119999,1.26,2.46,0.5,3.24,,6.395455,3.88082,28.0,1.44,41.189999,10.0,2.15,,25.49,45.910364,,6.1,23.0,0.81,0.58,1.07,1.52,9.6,236.0,37.405676,0.5,0.5,3.25,4.720149,0.5,66.5,2.25,5.99,65.0,5.77,,1252.0,0.590908,150.0,5.0,2.708332,16.200001,,2.79,0.525615,0.88,0.491428,45.361802,100.0,2.12,25.200001,6.2,3.88,0.5,,2.54,224.0,4.26,3.7,17.0,28.907991,2.0,2.368328,0.5,0.67,0.6,20.340712,1.315788,18.790001,3.01,0.5,0.52,2.474999
2017-11-01 10:15:00,0.162364,37944.602,0.5,,0.5,0.4,0.5,0.5,,9.66,7.35,42.758317,,,12.94,33.93,1.43,2.19,0.5,3.24,,4.814556,3.88082,28.0,1.36,41.759998,10.0,2.39,,24.93,48.363418,,6.2,22.030001,0.84,0.6,1.15,2.06,10.0,241.0,36.471391,0.5,0.5,3.25,4.777018,0.5,66.0,2.36,5.99,67.220001,5.77,,1315.0,0.527272,132.3,5.0,3.583332,15.95,,2.71,0.525615,0.93,0.354285,55.5564,97.510002,2.05,22.799999,7.14,3.92,0.5,,2.54,245.0,4.26,4.24,16.700001,30.743419,2.0,2.508328,0.5,0.7,0.55,20.340712,1.484208,17.5,3.3,0.5,0.5,2.333332
2017-12-01 10:15:00,0.153508,38243.191,0.5,,0.5,0.4,0.5,0.5,,9.66,8.49,42.758317,,,15.67,34.0,1.29,2.08,0.5,3.08,,4.634908,3.88082,28.0,1.46,41.0,10.0,2.28,,25.639999,43.595057,,7.8,20.6,0.83,0.63,1.48,2.46,10.3,229.95,35.571393,0.5,0.5,3.25,4.852844,0.5,68.5,2.36,5.99,67.690002,5.7,,1555.99,0.681818,134.89999,5.0,3.316665,18.5,,2.6,0.500585,0.88,0.377142,50.46373,94.0,2.1,21.610001,8.8,4.22,0.5,3.89,2.54,230.0,4.26,4.06,17.0,29.0,2.0,2.251661,0.5,0.7,0.53,20.340712,1.747366,16.9,3.53,0.5,0.5,2.499999
2018-01-02 10:15:00,0.200741,44343.648,0.46,,0.42,0.4,0.48,0.5,,9.65,9.95,51.958311,,,15.95,38.849998,2.36,3.02,0.5,3.08,,7.006256,3.88082,39.299999,2.33,44.5,10.0,2.27,,31.0,53.364858,,7.9,22.4,1.22,1.07,3.06,3.66,12.7,231.0,39.428532,0.5,0.5,3.25,5.213016,0.5,71.0,2.36,5.99,72.099998,5.7,,1470.0,0.818181,147.0,4.8,3.258332,20.85,,3.0,0.500585,1.06,0.394285,56.343447,113.0,3.04,19.0,13.95,4.9,0.5,4.5,2.54,270.0,4.26,5.95,20.0,33.950001,1.68,3.044993,0.5,0.62,0.53,20.333306,1.90526,17.700001,4.3,0.5,0.75,2.733332
2018-02-01 10:15:00,0.221406,43330.539,0.4,,0.36,0.4,0.38,0.5,,9.2,10.35,60.083308,,,15.85,38.0,2.17,2.83,0.48,3.08,,6.467314,3.686779,35.25,1.97,51.200001,10.0,2.18,,31.9,50.402843,,6.5,24.15,1.12,0.93,2.53,2.99,12.7,232.0,40.714245,0.42,0.5,3.25,5.686926,0.48,70.0,2.25,5.99,72.0,5.7,,1442.0,0.818181,135.89999,3.0,3.324999,22.0,,2.95,0.500585,1.05,0.491428,52.77858,104.9,2.8,21.0,11.55,4.74,0.27,4.0,2.54,269.79999,4.26,5.8,20.35,33.0,1.32,3.208326,0.48,0.62,0.53,19.999972,2.210523,17.0,4.04,0.5,0.65,2.499999
2018-03-01 10:15:00,0.183029,41504.512,0.2,,0.52,0.4,0.22,0.5,,9.2,9.85,63.083306,,,15.1,38.75,2.67,2.4,0.48,3.08,,6.179877,3.686779,33.450001,1.85,55.0,10.0,2.18,,29.299999,43.99323,,6.7,23.450001,0.9,0.81,2.38,2.68,11.75,249.0,41.571387,0.23,0.48,3.25,5.686926,0.29,72.0,2.25,5.99,72.699997,6.25,,1380.0,0.745454,130.0,2.2,3.249999,21.0,,2.8,0.408811,0.97,0.474285,50.371138,104.0,2.51,34.0,12.5,4.06,0.24,4.96,2.54,260.0,4.26,6.65,16.35,37.299999,1.32,2.834994,0.34,0.68,0.55,20.999971,2.894733,18.4,3.34,0.5,0.57,2.624999
2018-04-03 10:15:00,0.212549,41268.559,0.2,,0.48,0.4,0.22,0.5,,9.2,9.4,66.04164,,,13.8,38.75,2.4,2.37,0.46,3.08,,5.461287,3.686779,31.799999,1.7,54.900002,10.0,2.25,0.29,27.450001,40.788426,,6.25,22.5,0.77,0.7,2.47,2.55,11.55,222.2,42.428529,0.22,0.48,3.25,5.213016,0.27,69.300003,2.25,9.15,77.5,6.85,,1599.0,0.70909,129.89999,2.0,3.233332,20.25,,2.7,0.408811,1.35,0.485714,47.963691,103.0,2.73,24.0,12.5,4.2,0.21,5.34,2.54,246.0,4.26,6.27,20.1,34.5,1.44,2.74166,0.24,0.68,0.55,20.999971,2.947364,17.200001,3.3,0.5,0.55,2.699999
2018-05-02 10:15:00,0.17122,38104.539,0.2,,0.46,0.4,0.2,0.5,,9.2,9.0,72.791636,,,12.5,36.799999,2.12,2.0,0.38,3.08,,4.778626,3.531546,31.799999,1.26,51.450001,10.0,2.25,0.32,25.5,33.796123,,5.55,21.85,0.77,0.64,2.27,1.9,10.8,212.0,39.514244,0.26,0.48,3.25,5.686926,0.26,75.0,2.2,6.8,80.0,6.55,,1472.5,0.599999,107.9,2.0,3.291665,19.0,,2.65,0.408811,1.38,0.474285,41.20433,100.0,2.3,19.200001,10.15,3.97,0.2,4.8,2.54,240.0,4.26,6.03,19.5,31.1,1.56,2.91666,0.37,0.68,0.55,25.370335,2.694733,14.7,3.0,0.5,0.5,2.749999
2018-06-01 10:15:00,0.180077,38278.551,0.2,,0.46,0.4,0.2,0.5,,9.2,8.55,71.91664,,,13.0,35.0,2.18,2.0,0.37,3.08,,7.43741,3.531546,30.0,1.4,52.5,10.0,2.33,0.29,25.0,39.768716,,6.1,20.700001,0.76,0.7,2.18,2.3,10.5,210.0,44.571384,0.3,0.46,3.25,5.686926,0.25,75.0,2.2,6.4,92.0,6.55,,1575.0,0.518181,114.2,2.0,3.333332,22.75,,2.34,0.408811,1.58,0.457142,39.213557,97.75,2.29,19.0,10.6,3.99,0.2,5.12,2.54,229.0,4.26,6.73,20.0,32.0,1.44,3.266659,0.37,0.68,0.55,25.370335,3.368416,14.0,3.3,0.5,0.5,2.699999
2018-07-02 10:15:00,0.209597,37017.781,0.2,,0.39,0.4,0.2,0.5,,9.2,8.0,64.124972,,,10.7,35.0,2.0,1.98,0.37,3.08,,8.766803,3.182272,24.299999,1.2,52.549999,9.0,2.3,0.3,23.0,26.706708,,5.9,15.1,0.64,0.58,2.0,1.99,9.55,183.0,42.642815,0.27,0.46,3.25,5.307798,0.25,59.549999,1.98,5.75,74.699997,7.2,,1600.0,0.454545,105.0,2.0,3.333332,20.049999,,2.3,0.300351,1.27,0.457142,34.25978,96.0,1.76,17.0,10.1,4.16,0.2,5.45,2.54,234.0,4.26,6.0,20.549999,28.700001,1.32,3.09166,0.36,0.68,0.55,25.377752,3.105259,13.2,3.14,0.5,0.38,2.999999
2018-08-01 10:15:00,0.24207,34848.449,0.2,,0.36,0.4,0.2,0.5,,8.2,6.55,64.999974,,,10.05,28.35,1.94,1.8,0.31,3.08,,8.98238,3.065848,24.299999,1.26,50.0,9.0,2.07,0.29,21.0,22.822096,,5.85,15.0,0.6,0.5,1.8,1.65,8.0,189.7,41.142816,0.24,0.46,3.25,4.928669,0.23,60.049999,1.9,5.3,76.949997,6.5,,1500.0,0.545454,97.900002,2.0,3.166665,20.0,,2.4,0.300351,1.12,0.428571,29.63008,95.0,1.49,13.1,8.8,4.0,0.2,5.17,2.54,228.0,4.26,6.7,20.0,24.299999,1.32,2.683327,0.3,0.68,0.55,25.377752,3.578942,12.1,3.02,0.4,0.36,2.699999
2018-09-03 10:15:00,0.22731,32766.369,0.2,,0.3,0.4,0.2,0.5,,8.2,6.3,64.999974,,,9.1,28.450001,1.8,1.7,0.28,3.08,,10.850715,3.065848,21.9,1.27,45.0,9.0,2.05,0.3,21.5,21.559598,,5.1,12.55,0.57,0.52,1.78,1.7,8.4,183.0,39.428532,0.23,0.46,3.25,4.265195,0.24,56.549999,1.9,5.0,77.0,6.5,,1400.0,0.599999,91.5,2.0,2.724999,18.5,,2.3,0.300351,1.1,0.4,30.09305,80.0,1.45,14.0,8.9,3.99,0.2,5.18,2.54,205.0,4.26,6.25,17.9,20.0,1.2,2.274995,0.28,0.68,0.55,25.377752,3.15789,10.7,2.9,0.23,0.38,2.916666
2018-10-02 10:15:00,0.209597,32466.27,0.2,,0.31,0.4,0.2,0.5,,8.2,6.6,51.749978,,,10.0,28.6,1.91,1.68,0.24,3.08,,10.060266,3.065848,22.5,1.32,42.099998,8.1,2.18,0.27,23.5,16.995178,,5.05,11.05,0.57,0.5,1.49,2.04,7.9,198.0,40.49996,0.2,0.38,3.25,4.028239,0.22,56.200001,1.68,5.3,79.800003,5.35,,1380.0,0.5,82.400002,2.0,2.749999,18.5,,2.4,0.171033,1.1,0.394285,31.065286,73.0,1.07,11.1,8.0,3.97,0.2,5.0,2.54,209.0,4.26,6.05,16.0,18.25,1.2,2.216662,0.3,0.56,0.55,25.377752,3.052627,9.4,3.0,0.2,0.4,2.883332
2018-11-01 10:15:00,0.185981,30874.17,0.2,,0.27,0.4,0.2,0.5,,8.2,6.5,56.916646,,,9.5,31.5,1.9,1.45,0.24,3.08,0.35625,7.401481,3.065848,22.5,1.13,39.900002,8.1,2.0,0.22,23.200001,12.624989,,5.15,11.4,0.52,0.4,1.45,1.98,7.5,198.0,41.142816,0.2,0.38,3.25,4.170413,0.2,62.150002,1.52,4.7,75.5,5.3,,1485.0,0.518181,82.599998,2.0,2.999999,18.0,,2.5,0.196063,1.16,0.354285,28.472655,74.0,1.1,14.5,7.1,3.68,0.2,4.9,2.54,186.89999,4.26,4.2,15.95,20.0,1.2,2.356661,0.25,0.59,0.55,25.377752,2.47368,10.0,2.8,0.2,0.38,2.833332
2018-12-03 10:15:00,0.185981,31430.5,0.2,,0.29,0.4,0.2,0.5,,8.2,8.6,56.916646,,,10.0,34.849998,1.92,1.99,0.2,3.08,0.35625,1.598864,3.065848,23.25,1.32,37.0,6.6,2.18,0.23,23.049999,12.45,,5.6,12.1,0.49,0.5,1.89,2.03,7.7,203.0,41.09996,0.21,0.38,2.93,3.980848,0.21,64.0,1.5,5.0,76.199997,4.8,,1485.0,0.70909,85.5,2.0,3.041666,18.0,,2.45,0.196063,1.36,0.411428,28.24117,72.0,1.28,14.5,7.95,3.87,0.2,5.65,2.54,189.7,4.26,4.7,14.0,23.1,1.2,2.134995,0.21,0.59,0.55,22.844422,2.842101,9.75,2.82,0.2,0.42,3.666665
2019-01-02 10:15:00,0.188933,30557.199,0.2,,0.34,0.36,0.2,0.5,,8.2,7.0,49.99998,,,10.0,31.75,2.2,1.8,0.2,3.08,0.290625,8.120072,2.522533,23.25,1.25,35.0,5.95,2.08,0.22,22.5,12.5,,6.25,11.3,0.53,0.5,1.97,2.2,6.8,223.3,38.742819,0.2,0.35,2.93,4.739105,0.22,60.0,1.5,4.95,82.0,3.95,,1440.0,0.66,74.0,2.0,2.874999,17.9,,2.45,0.137661,1.37,0.348571,28.009685,65.0,1.2,11.65,7.3,4.14,0.2,6.2,2.54,190.0,4.26,4.25,14.0,18.549999,1.16,2.216662,0.22,0.54,0.55,20.577757,2.515786,8.4,3.17,0.2,0.4,3.999999
2019-02-01 10:15:00,0.215502,31721.76,0.2,,0.54,0.32,0.2,0.5,,8.2,8.25,65.833307,,,10.4,34.0,2.45,1.62,0.2,3.08,0.2625,5.937353,2.274161,23.0,1.3,41.0,5.95,2.25,0.24,23.9,12.9,,7.0,13.45,0.68,0.65,2.03,2.2,7.45,190.0,39.814247,0.24,0.35,2.93,5.213016,0.25,75.0,1.5,5.9,80.0,4.3,,1470.0,0.67,79.5,2.0,2.874999,19.200001,,2.4,0.212749,1.5,0.36,24.305925,67.150002,1.31,12.0,7.65,4.84,0.2,6.05,2.54,195.3,4.26,4.4,14.0,19.950001,1.32,2.566661,0.27,0.54,0.55,18.533315,2.631575,8.5,3.18,0.2,0.43,4.0
2019-03-01 10:15:00,0.209597,31041.42,0.2,,0.53,0.264,0.2,0.5,,8.2,8.25,59.958307,,,10.0,37.400002,2.49,1.45,0.2,3.08,0.28125,7.176921,2.049073,23.0,1.21,39.0,5.4,1.82,0.2,21.799999,12.2,,6.65,9.8,0.63,0.52,1.86,2.06,7.7,196.0,39.428532,0.2,0.35,2.93,5.213016,0.24,62.75,1.5,5.65,80.0,4.3,,1580.0,0.62,66.75,2.0,2.833332,20.0,,2.3,0.292008,1.33,0.314285,24.07444,62.450001,1.2,10.8,8.2,3.8,0.2,6.1,2.54,191.0,4.26,5.3,13.2,18.0,1.2,2.566661,0.22,0.59,0.55,18.533315,2.336839,8.0,2.85,0.2,0.4,3.95
2019-04-01 10:15:00,0.221406,29159.74,0.2,,0.3,0.264,0.2,0.5,,8.2,7.35,46.666648,,,11.8,34.0,2.97,1.43,0.5,3.08,0.2625,6.467313,2.049073,20.799999,1.11,31.0,5.4,1.83,0.22,21.299999,11.45,,7.0,9.15,0.67,0.5,1.85,1.9,6.8,166.10001,37.199965,0.24,0.32,2.93,5.213016,0.25,62.75,1.5,4.95,72.0,4.3,,1520.0,0.67,65.0,2.0,2.708332,18.1,,2.25,0.229435,1.34,0.297143,18.5188,48.599998,1.11,9.0,7.3,4.0,0.2,6.35,2.54,180.0,4.26,4.4,10.45,16.25,1.24,2.333328,0.21,0.59,0.55,18.533315,2.273681,6.95,2.65,0.2,0.4,4.2
2019-05-02 10:15:00,0.194837,31069.369,0.2,,0.28,0.2,0.2,0.41,,8.2,6.65,62.499975,,,10.95,31.1,2.57,1.01,0.38,3.08,0.215625,6.467313,1.84727,22.0,1.16,31.0,5.4,1.8,0.2,20.1,10.1,,6.85,8.1,0.59,0.46,1.61,1.68,6.25,162.0,35.999964,0.23,0.29,2.93,5.213016,0.2,58.0,1.5,4.2,74.0,4.3,,1450.0,0.56,58.0,2.0,2.833332,16.25,136.5,2.28,0.229435,1.34,0.285714,18.5188,48.5,1.1,8.5,7.05,3.63,0.24,6.05,2.54,199.5,4.26,3.65,11.15,13.6,1.2,2.309995,0.22,0.59,0.6,18.533315,2.484207,6.8,2.25,0.2,0.4,4.25
2019-06-03 10:15:00,0.194837,29966.869,0.2,,0.3,0.216,0.2,0.41,,8.1,7.0,55.291643,,,10.5,27.5,2.57,1.69,0.29,3.08,0.24375,5.030133,1.84727,21.65,1.13,33.0,5.4,1.85,0.2,19.799999,12.0,,6.85,7.1,0.53,0.47,1.63,1.7,6.2,150.0,34.499966,0.23,0.29,2.93,5.213016,0.2,52.0,1.5,4.0,64.0,4.3,,1390.0,0.52,63.0,2.0,2.658332,15.0,129.05,2.39,0.229435,1.34,0.405714,16.944701,47.650002,1.01,10.2,6.55,3.48,0.23,6.05,2.54,184.0,4.26,3.95,11.0,14.0,1.16,2.333328,0.23,0.59,0.6,18.533315,2.38947,6.65,2.35,0.2,0.43,3.84
2019-07-01 10:15:00,0.188933,27718.26,0.2,,0.3,0.32,0.2,0.41,323.5,8.1,5.7,55.291643,,,11.4,24.75,2.5,1.69,0.26,3.08,0.309375,4.940309,1.84727,19.700001,0.96,32.0,5.4,1.62,0.2,18.299999,14.5,,6.85,6.0,0.45,0.45,1.62,1.6,6.0,114.8,32.742825,0.2,0.29,2.93,5.004495,0.2,44.799999,1.5,3.7,52.0,4.3,,1270.0,0.55,50.0,2.0,2.124999,13.1,127.0,2.3,0.204406,1.32,0.297143,11.57425,46.0,0.95,8.0,5.7,3.65,0.2,5.55,2.54,170.0,4.26,3.0,8.2,15.05,1.32,1.924996,0.24,0.59,0.5,18.533315,2.263155,5.8,2.13,0.2,0.42,4.29
2019-08-01 10:15:00,0.191885,27525.811,0.2,,0.32,0.28,0.2,0.41,323.5,8.1,7.5,49.791647,,,9.3,24.75,2.11,1.53,0.26,3.08,0.28125,6.557138,1.84727,16.799999,1.02,28.5,5.4,1.37,0.2,17.200001,14.25,,6.85,5.9,0.42,0.4,1.55,1.68,5.85,100.0,32.571396,0.2,0.29,2.93,3.919351,0.2,44.799999,1.5,3.9,41.5,4.3,,1245.0,0.5,51.200001,2.0,2.041666,13.0,141.0,2.1,0.204406,1.39,0.274285,9.027915,41.400002,1.0,7.2,4.75,4.0,0.2,6.0,2.54,162.0,4.26,2.8,7.25,13.5,1.2,2.099995,0.22,0.59,0.5,16.711094,1.999997,5.0,2.0,0.2,0.38,4.29
2019-09-02 10:15:00,0.194837,27630.561,0.2,,0.34,0.28,0.2,0.41,308.0,8.1,7.5,49.791647,,,10.45,25.549999,2.4,1.15,0.24,3.08,0.2625,7.3,1.84727,16.799999,1.02,26.700001,4.9,1.15,0.2,18.700001,15.9,,7.0,7.0,0.43,0.45,1.65,1.7,6.15,129.5,32.571396,0.2,0.25,2.93,3.919351,0.2,40.349998,1.5,3.76,54.950001,4.3,,1394.9,0.4,52.5,2.0,1.949999,13.4,130.5,2.0,0.204406,1.12,0.291428,11.666844,34.0,0.95,7.1,5.5,3.91,0.21,6.0,2.54,151.5,4.26,3.15,8.05,14.3,1.2,1.936662,0.2,0.59,0.5,16.711094,2.421049,7.5,2.12,0.2,0.34,3.9
2019-10-02 10:15:00,0.203693,26359.27,,,0.44,0.272,0.2,0.37,308.0,8.1,7.5,44.833315,,,9.6,25.549999,2.46,1.0,0.24,3.08,0.375,6.6,1.84727,15.4,0.99,26.700001,4.9,1.3,0.2,17.0,13.3,,7.0,5.5,0.46,0.49,1.6,1.72,5.8,123.2,31.714254,0.2,0.25,2.93,4.306447,0.2,38.400002,,3.11,52.950001,4.3,,1220.0,0.39,50.0,2.0,1.958332,14.85,126.0,2.0,0.191891,1.17,0.291428,11.666844,23.85,0.95,6.3,5.25,3.9,0.22,5.45,,149.39999,4.26,2.85,7.1,14.2,1.04,1.924996,0.2,0.59,0.5,15.066652,2.10526,6.5,2.05,0.2,0.34,3.5
2019-11-01 10:15:00,0.206645,27002.15,,,0.41,0.296,0.2,0.34,298.89999,8.1,7.5,44.833315,,,9.9,24.299999,2.5,1.02,0.35,3.08,0.365625,5.95,1.84727,18.5,1.01,16.1,4.45,1.46,0.2,18.6,14.0,,7.0,5.25,0.51,0.66,2.01,2.05,7.05,110.9,32.699969,0.22,0.23,2.93,4.306447,0.2,37.849998,1.5,3.75,49.650002,4.3,,1350.0,0.73,51.049999,2.0,2.083333,14.0,120.0,2.05,0.191891,1.26,0.291428,9.4,31.0,1.07,6.25,6.7,4.2,0.24,6.0,2.54,142.8,4.26,2.8,7.0,18.25,1.04,1.983329,0.2,0.59,0.5,13.599986,2.10526,8.0,2.35,0.2,0.38,3.9
2019-12-02 10:15:00,0.212549,26842.07,0.2,,0.45,0.296,0.2,0.34,298.89999,,6.75,44.833315,,,10.55,24.0,2.67,0.95,0.33,2.78,0.365625,5.9,2.025788,18.5,0.99,22.0,4.25,1.28,0.2,18.6,15.3,,6.0,5.65,0.5,0.62,1.85,2.05,7.15,110.9,35.142822,0.2,0.21,2.93,4.306447,0.2,47.5,1.5,3.99,55.599998,4.3,,1469.9,0.62,59.0,2.0,1.999999,12.95,105.0,1.93,0.191891,1.13,0.302857,9.5,30.049999,0.99,6.1,6.15,4.0,0.23,6.0,2.54,142.0,4.25,3.6,6.5,19.700001,1.0,2.309995,0.2,0.54,0.5,13.599986,2.547365,8.6,2.4,0.2,0.34,4.4
2020-01-02 10:15:00,0.236166,28843.529,0.2,,0.34,0.296,0.2,0.34,298.89999,8.1,6.75,58.33331,37.0,,10.75,25.0,2.94,0.97,0.32,2.78,0.3375,7.35,2.025788,20.0,0.97,15.0,3.1,1.2,0.2,20.85,15.25,,5.9,5.1,0.53,0.72,1.9,2.15,8.0,107.0,32.785682,0.21,0.2,2.93,4.306447,0.2,49.849998,1.5,3.7,68.0,4.3,,1380.0,0.55,55.0,2.0,2.216666,15.0,119.6,2.17,0.191891,1.21,0.325714,9.0,30.200001,0.97,5.45,6.55,4.6,0.23,6.0,2.54,179.89999,4.25,2.4,7.45,22.0,1.04,2.333328,0.2,0.46,0.5,13.599986,2.526312,8.9,2.52,0.2,0.33,5.5
2020-02-03 10:15:00,0.22731,26216.461,0.2,,0.3,0.296,0.2,0.34,298.89999,8.1,6.75,58.33331,37.150002,,8.1,24.6,2.48,0.81,0.24,2.78,0.253125,6.85,2.025788,18.0,0.88,15.0,3.15,1.13,0.2,18.5,15.5,,6.5,4.5,0.63,0.55,1.71,1.95,6.7,107.0,27.857115,0.2,0.2,2.93,3.145158,0.2,44.900002,1.5,2.7,68.0,4.3,,1130.0,0.46,40.5,2.0,2.174999,13.0,110.0,1.96,0.191891,1.12,0.24,7.05,25.200001,1.0,4.2,4.7,4.7,0.2,5.45,2.54,170.0,4.25,1.99,5.4,22.0,0.92,1.959995,0.2,0.46,0.5,12.266654,1.894734,7.4,3.23,0.2,0.32,4.32
2020-03-02 10:15:00,0.224358,21300.471,0.2,,0.35,0.272,0.2,0.34,298.89999,8.1,6.7,58.33331,35.299999,,6.8,23.200001,2.25,0.8,0.22,2.78,0.28125,6.2,2.61,13.15,0.66,11.0,3.15,0.99,0.2,11.7,9.2,,6.6,4.4,0.59,0.48,1.5,1.78,5.0,96.300003,20.82855,0.2,0.2,2.93,2.903223,0.2,36.450001,1.5,2.05,55.049999,4.3,,765.0,0.48,25.65,2.0,2.083333,8.5,90.0,2.14,0.191891,1.0,0.234285,4.9,25.200001,0.98,4.4,3.95,3.7,0.2,5.9,2.54,129.7,4.25,2.39,4.45,21.25,0.88,2.041662,0.2,0.5,0.6,12.266654,2.178944,7.2,2.2,0.2,0.25,4.25
2020-04-01 10:15:00,0.253878,23021.01,0.2,,0.35,0.248,0.2,0.34,298.89999,8.1,6.7,58.33331,32.599998,,7.5,20.9,2.47,0.81,0.23,2.78,0.28125,5.0,2.61,17.4,0.66,10.5,3.4,1.06,0.2,14.3,11.8,,6.75,4.2,0.7,0.55,1.72,1.79,6.05,96.300003,24.428547,0.2,0.2,2.93,2.806449,0.2,36.450001,1.5,2.48,55.049999,4.3,,920.20001,0.6,30.0,2.0,1.983333,10.05,112.0,2.7,0.191891,1.03,0.302857,5.0,18.4,1.0,5.35,4.6,3.65,0.21,5.75,2.54,130.0,4.25,2.16,4.45,21.0,1.08,1.843329,0.2,0.5,0.6,12.266654,2.47368,6.9,2.34,0.2,0.26,4.96
2020-05-04 10:15:00,0.309968,25267.82,0.2,,0.35,0.24,0.2,0.26,298.89999,8.1,7.0,58.33331,42.0,,8.65,20.65,2.58,0.91,0.24,,0.3375,5.35,2.61,21.0,0.71,17.0,3.5,1.14,0.2,16.9,11.55,,6.7,5.5,0.7,0.7,1.78,1.88,6.65,102.8,30.685683,0.2,0.2,,3.725803,0.2,41.5,,2.8,64.0,4.3,,995.0,1.13,43.299999,2.0,2.083333,11.1,116.0,3.39,0.208577,1.13,0.234285,4.75,20.0,1.05,8.1,5.35,4.0,0.2,6.3,2.54,139.0,4.25,2.67,5.1,21.0,1.0,2.368328,0.2,0.5,0.6,12.266654,2.10526,9.0,2.59,0.2,0.32,5.55
2020-06-01 10:15:00,0.292063,24479.16,0.2,,0.56,0.256,0.2,0.2,328.70001,8.1,6.75,56.958309,38.700001,,6.75,20.65,1.98,0.95,0.21,2.51,0.459375,4.6,2.61,21.0,0.65,15.3,3.8,1.01,0.2,16.1,10.0,,5.9,4.0,0.62,0.57,1.93,1.74,6.25,97.5,25.928546,0.2,0.2,2.93,3.048384,0.21,45.25,1.5,2.3,77.400002,4.3,,1256.8,1.65,36.099998,2.0,1.908333,10.5,117.5,2.87,0.208577,1.17,0.274285,4.1,14.5,0.95,5.5,5.25,4.11,0.2,5.5,,127.0,4.25,2.24,4.95,19.0,1.0,2.053329,0.21,0.5,0.6,12.266654,2.168418,8.0,2.55,0.2,0.35,5.59
2020-07-01 10:15:00,0.298412,24693.73,0.2,,0.47,0.264,0.2,0.2,348.0,8.1,6.05,51.291645,39.400002,,6.6,17.1,1.81,0.95,0.22,2.51,0.421875,4.0,2.61,16.9,0.62,12.25,3.8,1.01,0.2,16.299999,11.75,,5.4,4.1,0.62,0.57,1.95,1.71,6.2,87.800003,25.71426,0.2,0.2,2.93,3.406448,0.23,47.450001,,2.3,74.949997,4.3,,1175.0,1.5,31.0,2.0,1.666666,9.6,117.9,3.0,0.196063,1.01,0.285714,3.3,13.0,1.0,4.9,5.0,4.05,0.21,5.5,,141.8,,1.99,4.15,17.049999,0.96,1.679996,0.23,0.5,0.6,11.066656,2.10526,7.0,2.87,0.2,0.31,5.75
2020-08-03 10:15:00,0.285714,25327.131,0.26,,0.39,0.24,0.2,0.2,380.0,8.1,6.05,46.16665,40.099998,,7.75,16.65,1.89,0.93,0.21,2.51,0.34,3.6,2.61,15.25,0.57,15.0,3.8,1.65,0.2,16.75,11.95,,5.3,4.2,0.6,0.56,2.2,1.75,6.25,80.0,30.899968,0.2,0.2,2.93,3.532255,0.23,49.0,,2.35,79.0,4.5,,1175.0,1.86,37.0,2.0,1.683333,10.05,117.8,3.0,0.196063,1.07,0.278571,3.7,13.8,0.96,5.1,4.9,4.2,0.2,4.8,2.54,134.89999,,1.9,3.9,18.799999,1.24,2.146662,0.2,0.5,0.6,11.066656,2.178944,5.7,3.05,0.2,0.35,5.71
2020-09-01 10:15:00,0.260317,26837.42,0.26,,0.3,0.232,0.2,0.2,380.0,8.1,6.5,46.16665,41.75,,7.0,17.1,1.75,0.89,0.2,2.51,0.37,4.2,2.35,15.25,0.58,13.6,3.8,1.24,0.2,17.85,15.0,,5.0,4.0,0.6,0.61,2.19,1.85,6.2,96.800003,34.714251,0.2,0.2,2.93,2.903223,0.23,53.0,1.5,2.25,80.0,4.05,,1175.0,1.85,49.0,2.0,1.666666,10.4,129.0,2.9,0.196063,1.07,0.271428,3.9,14.0,0.92,5.0,5.2,4.71,0.2,5.2,2.54,142.89999,4.25,2.74,4.2,21.65,1.12,2.216662,0.21,0.5,0.6,11.066656,2.136839,6.95,3.33,0.2,0.37,6.0
2020-10-02 10:15:00,0.273015,30530.689,,,0.31,0.216,0.2,0.2,410.20001,8.1,6.7,46.16665,45.5,,8.6,20.35,2.0,0.89,0.21,2.51,0.34,4.4,2.1,19.049999,0.71,13.9,3.8,1.28,0.2,22.1,18.700001,,5.6,4.45,0.81,0.58,3.13,2.51,7.7,129.89999,39.857103,0.2,0.2,2.93,3.154836,0.22,65.900002,,2.75,80.0,5.06,,1421.7,2.0,52.0,2.0,1.749999,13.1,144.0,3.1,0.196063,1.1,0.321428,7.37,17.0,0.97,6.0,6.5,5.9,0.21,6.05,,160.0,,5.15,5.65,28.15,1.28,2.566661,0.21,0.5,0.54,11.066656,2.347365,7.8,4.18,0.2,0.4,6.65
2020-11-02 10:15:00,0.349206,35042.141,0.25,0.6,0.36,0.248,0.2,0.2,588.5,8.1,7.35,46.16665,55.0,,9.6,21.5,1.72,0.96,0.23,2.51,0.31,4.95,2.35,20.85,1.0,12.95,5.5,1.41,0.2,24.0,23.0,,5.6,5.0,1.3,0.69,3.33,2.6,8.3,130.0,36.299962,0.2,0.2,2.93,3.193545,0.24,71.800003,1.5,3.0,80.0,6.93,,1400.0,2.44,60.25,2.0,1.958332,16.0,155.2,3.4,0.196063,1.04,0.357143,7.18,18.9,1.07,6.6,7.2,5.9,0.2,5.85,2.54,205.0,4.25,4.51,6.3,27.85,1.36,2.799994,0.23,0.5,0.49,12.22221,2.684206,7.55,4.5,0.2,0.4,7.0
2020-12-01 10:15:00,0.484285,40270.719,0.66,0.6,0.38,0.24,0.2,0.2,851.79999,8.1,7.35,46.16665,77.349998,,9.0,20.0,2.05,0.86,0.23,2.51,0.32,5.2,2.33,20.85,0.9,13.9,5.5,1.28,0.2,24.799999,21.049999,,5.35,5.3,1.39,0.66,3.33,2.52,8.65,130.0,37.757104,0.2,0.2,2.93,3.319352,0.22,70.949997,1.5,3.7,91.0,6.74,,1505.0,2.23,56.0,2.0,1.916666,14.5,169.89999,3.51,0.212749,1.0,0.371428,5.95,19.0,1.2,6.9,7.15,6.25,0.21,5.85,2.54,244.89999,4.25,5.1,6.0,26.0,1.4,4.2,0.27,0.5,0.49,12.22221,3.58,7.25,4.71,0.2,0.4,7.8
2021-01-04 10:15:00,0.599999,42412.66,0.55,0.6,0.35,0.264,0.25,0.2,930.0,8.0,8.05,46.16665,79.0,,8.8,20.0,2.0,3.11,0.26,2.26,0.44,5.13,2.33,21.0,1.02,13.5,5.5,1.3,0.2,27.200001,30.0,,6.1,5.65,2.58,0.65,3.38,2.72,9.05,143.0,38.57139,0.26,0.21,2.64,3.290319,0.34,74.5,1.5,3.28,93.0,9.68,,1505.0,2.15,63.0,2.2,1.883333,16.200001,181.0,4.65,0.212749,1.01,0.642856,6.0,19.0,1.3,7.2,7.6,7.02,0.22,6.0,2.54,236.0,4.25,5.2,6.5,34.700001,1.68,5.6,0.43,0.5,0.5,10.933322,4.84,8.35,5.9,0.2,0.54,10.05
2021-02-01 10:15:00,0.492857,39799.891,0.49,0.68,0.34,0.328,0.24,0.2,930.0,8.1,7.25,41.66665,72.0,,8.5,19.5,1.9,2.52,0.24,2.26,0.33,5.2,2.25,18.9,0.91,13.6,5.85,1.18,0.2,25.450001,23.1,,5.35,5.3,2.26,0.66,3.03,2.44,8.15,142.0,34.28568,0.27,0.2,2.93,3.193545,0.28,71.900002,1.35,3.45,93.0,7.02,,1450.0,1.83,52.0,2.0,1.899999,16.049999,174.0,3.99,0.333724,1.05,0.4,5.8,23.049999,1.2,6.9,7.35,5.75,0.21,6.0,2.54,220.0,4.25,5.7,5.2,28.85,1.23,4.24,0.4,0.5,0.55,11.911099,4.0,7.5,6.13,0.2,0.54,7.75
2021-03-01 10:15:00,0.535714,39045.129,0.46,0.68,0.3,0.328,0.2,0.2,930.0,8.1,6.5,44.999982,73.5,,8.25,22.200001,1.95,2.25,0.21,2.24,0.32,5.0,2.25,17.049999,0.81,13.4,5.6,1.07,0.2,22.549999,22.1,,5.3,4.85,1.92,0.63,2.9,2.39,7.05,142.0,43.928528,0.24,0.2,2.38,3.290319,0.3,72.0,1.48,3.11,90.0,6.2,,1375.0,1.95,48.5,2.0,1.766666,15.2,160.2,4.0,0.333724,1.09,0.471428,5.7,33.900002,1.18,6.8,7.25,5.35,0.23,6.6,2.54,215.0,4.25,5.45,5.05,28.799999,1.29,3.92,0.46,0.45,0.86,10.755545,4.6,9.0,5.3,0.2,0.5,8.3
2021-04-01 10:15:00,0.552857,39840.281,0.42,0.68,0.31,0.32,0.2,0.2,930.0,7.3,6.5,44.999982,77.900002,,7.8,22.200001,1.76,2.19,0.21,2.24,0.39,5.0,2.25,17.0,0.9,12.85,5.6,1.17,0.21,22.25,22.15,,4.9,5.0,1.92,0.6,2.8,2.25,7.3,135.89999,42.8571,0.23,0.2,2.38,3.329029,0.33,72.0,1.34,3.14,100.0,5.95,,1420.0,1.73,54.799999,2.0,1.841666,14.8,174.89999,4.2,0.333724,1.04,0.607142,5.2,27.1,1.16,6.2,6.9,5.7,0.23,5.8,2.29,217.0,4.25,6.0,5.1,31.0,1.42,3.72,0.39,0.52,0.94,9.688879,4.06,10.3,5.58,0.2,0.53,9.0
2021-05-04 10:15:00,0.514285,38437.879,0.38,0.67,0.34,0.264,0.2,0.2,837.0,7.3,6.1,44.999982,74.0,,7.8,22.049999,1.9,2.12,0.21,2.24,0.66,4.84,2.25,18.700001,0.89,12.0,5.6,1.17,0.2,23.0,21.200001,,5.95,5.5,1.8,0.59,3.0,2.26,7.15,145.0,39.428532,0.27,0.2,1.95,2.999997,0.45,75.900002,1.34,3.0,96.5,5.6,,1400.0,1.72,58.5,2.0,1.874999,14.8,162.5,4.0,0.333724,1.08,0.6,5.5,29.0,1.21,6.05,7.15,6.2,0.21,6.05,2.07,212.5,4.25,7.6,5.15,28.0,1.44,3.6,0.44,0.57,,11.199989,4.14,11.0,6.18,0.2,0.53,11.0
2021-06-01 10:15:00,0.445714,37907.281,0.33,0.67,0.37,0.256,0.2,0.2,667.70001,7.2,8.4,44.124983,71.5,,8.55,19.0,1.81,2.1,0.2,2.24,0.6,4.75,2.06,20.0,0.9,13.25,5.65,1.67,0.24,23.75,21.25,,5.6,5.25,1.89,0.57,3.35,2.31,7.3,145.0,40.25,0.26,0.2,1.95,3.55161,0.46,74.5,1.34,3.29,110.0,6.15,,1540.0,1.7,60.0,2.0,1.983333,14.35,164.0,4.04,0.333724,1.05,0.84,5.3,29.0,1.67,6.05,7.35,5.9,0.2,6.05,1.15,221.0,4.25,7.5,5.0,29.85,1.5,3.6,0.43,0.59,1.4,11.199989,3.84,9.75,6.2,0.2,0.57,15.4
2021-07-01 10:15:00,0.462857,38547.078,0.48,0.67,0.36,0.304,0.2,0.2,615.0,7.2,8.9,44.124983,68.0,,9.0,20.799999,1.95,2.25,0.2,2.24,0.58,4.75,2.06,18.5,1.02,14.0,5.6,1.43,0.23,24.549999,22.9,1.2,5.3,6.0,2.15,0.62,3.0,2.4,7.6,203.2,41.0,0.28,0.2,1.95,3.222577,0.42,71.0,1.09,4.89,110.0,6.15,,1540.0,1.75,57.5,2.0,2.033333,14.45,165.0,4.7,0.321209,1.35,0.6,5.1,31.5,1.68,6.2,7.4,6.35,0.23,6.2,1.25,248.10001,4.25,7.1,5.25,30.0,1.6,3.56,0.37,0.59,1.4,11.199989,4.0,10.2,7.0,0.2,0.55,15.0
2021-08-02 10:15:00,0.424285,39219.609,0.57,0.67,0.34,0.312,,0.2,750.0,7.2,8.9,44.124983,68.0,,8.5,19.5,1.79,2.0,0.21,2.24,0.63,4.7,2.05,22.35,0.91,13.5,5.6,1.21,0.24,24.0,22.0,1.86,5.35,5.75,2.11,0.63,3.05,2.35,7.6,199.2,41.0,0.26,0.2,1.44,3.222577,0.47,79.5,1.62,4.43,110.0,7.3,,1400.0,1.85,49.450001,2.0,2.349999,14.15,172.5,4.8,0.321209,1.44,0.58,4.65,31.0,4.28,6.8,7.5,6.1,0.31,6.35,1.25,243.0,4.25,7.2,5.2,28.85,1.39,3.52,0.32,0.2,2.03,12.311099,3.88,11.0,7.18,0.2,0.49,16.5
2021-09-01 10:15:00,0.407142,40221.172,0.49,0.67,0.33,0.312,,0.2,715.0,7.2,8.9,44.124983,66.0,,8.0,19.6,1.75,2.09,0.21,2.24,0.57,4.7,2.05,25.5,0.94,13.2,5.6,1.23,0.23,23.450001,22.9,1.92,4.9,5.75,2.17,0.6,2.89,2.47,7.55,192.0,39.0,0.24,0.2,0.87,3.0,0.44,80.25,2.35,5.17,112.8,8.55,,1480.0,1.75,49.5,2.0,2.999999,15.2,174.89999,4.88,0.321209,1.44,0.6,4.8,29.6,3.76,6.1,8.05,6.15,0.35,6.7,1.25,280.0,4.25,7.0,5.4,29.9,1.19,2.33,0.3,0.2,2.1,13.511098,3.82,10.25,8.95,0.2,0.48,17.1
2021-10-04 10:15:00,0.531428,42038.602,0.44,0.8,0.31,0.264,0.2,0.2,780.0,7.2,9.35,44.124983,72.0,,9.45,19.5,1.88,3.0,0.24,2.24,0.6,4.6,2.05,25.5,1.07,15.6,6.0,2.17,0.21,25.25,27.0,1.8,5.05,6.4,2.22,0.63,3.19,2.78,8.6,240.8,39.0,0.22,0.2,0.95,3.4,0.37,89.0,2.6,5.05,135.0,8.0,20.0,1400.0,1.94,53.0,2.0,2.841666,14.65,175.60001,4.36,0.321209,1.3,0.53,5.25,36.299999,3.6,6.1,11.05,6.35,0.44,8.45,1.13,280.0,4.25,8.65,8.9,29.4,1.17,2.35,0.28,0.2,1.89,13.511098,4.0,11.3,9.2,0.22,0.48,18.5
2021-11-01 10:15:00,0.83,43248.051,0.39,0.96,0.34,0.288,0.2,0.2,950.0,7.2,8.55,44.124983,74.5,,9.25,19.299999,1.76,2.55,0.2,2.24,0.5,4.67,2.09,22.25,0.97,13.75,4.1,2.94,0.21,23.950001,24.85,1.07,4.55,5.95,2.04,0.67,3.1,2.53,8.05,216.8,38.0,0.23,0.2,1.04,3.4,0.4,87.800003,2.11,4.8,142.0,8.0,16.4,1395.0,1.75,46.5,2.0,2.999999,14.2,190.0,4.49,0.321209,1.25,0.51,4.8,36.299999,3.95,6.35,11.95,6.5,0.4,7.75,1.05,280.0,4.25,6.05,8.35,29.25,1.04,2.12,0.26,0.2,1.89,12.177766,3.8,10.0,9.65,0.2,0.5,21.9
2021-12-01 10:15:00,0.7,42716.441,0.39,1.04,0.31,0.4,0.2,0.2,955.0,7.2,8.55,44.124983,67.050003,,8.8,19.450001,1.72,2.35,0.22,2.24,0.79,4.2,1.89,22.0,0.96,14.5,4.45,2.94,0.21,25.15,23.950001,1.19,5.9,6.1,2.15,0.56,2.99,2.55,8.05,221.89999,36.0,0.3,0.2,1.04,3.45,0.51,87.800003,2.2,4.42,142.0,8.0,19.9,1556.5,1.75,50.0,2.0,3.116665,13.2,197.0,4.02,0.321209,1.17,0.51,4.95,39.0,3.4,5.95,11.4,6.35,0.38,7.9,1.12,257.0,4.25,5.05,8.7,28.35,1.05,2.32,0.33,0.46,1.99,10.977767,4.5,9.5,9.9,0.2,0.56,22.5
2022-01-03 10:15:00,0.75,46624.672,0.35,1.14,0.36,0.752,0.2,0.2,1271.0,7.2,8.2,44.124983,70.75,64.400002,8.7,19.5,1.79,2.36,0.21,2.24,0.66,3.78,2.0,21.950001,1.14,14.0,3.85,2.4,0.22,26.049999,25.6,1.08,6.0,7.0,2.01,0.68,3.13,2.81,8.6,241.0,35.75,0.23,0.22,1.04,3.5,0.41,96.550003,2.2,4.73,142.0,8.65,23.25,1435.0,1.9,48.450001,2.0,3.624998,13.1,197.5,4.55,0.321209,1.4,0.47,5.7,48.549999,3.4,6.4,11.5,6.9,0.57,7.8,1.23,260.60001,4.25,6.0,12.5,28.549999,1.03,2.35,0.26,0.55,1.99,12.044432,3.69,8.9,11.0,0.2,0.5,24.4
2022-02-01 10:15:00,0.7,47394.531,0.36,1.24,0.32,1.416,0.2,0.2,1260.0,7.2,8.3,44.124983,70.75,61.400002,8.95,19.5,1.55,2.24,0.22,2.24,0.59,3.6,2.66,26.5,1.23,14.05,3.7,2.91,0.22,27.1,26.950001,1.05,6.3,7.0,1.99,0.73,3.1,3.0,8.65,264.89999,35.0,0.24,0.85,2.83,3.68,0.42,104.0,1.96,4.78,135.0,10.85,25.049999,1435.0,1.81,48.0,2.3,3.649999,14.4,201.0,5.45,0.321209,2.61,0.55,5.75,68.0,3.93,6.05,11.5,7.0,0.55,7.2,1.1,273.5,3.83,5.8,11.95,32.0,1.05,2.4,0.28,0.55,2.18,12.044432,3.8,10.25,13.85,0.2,0.48,22.299999
2022-03-01 10:15:00,0.67,46965.48,0.32,1.24,0.3,1.416,0.2,0.2,1260.4,7.2,6.8,48.499981,70.75,59.5,8.4,19.799999,1.18,2.15,0.21,2.24,0.64,3.5,2.65,24.700001,1.0,13.3,3.6,2.45,0.21,22.4,23.700001,0.82,6.15,10.55,1.57,0.68,3.4,3.2,7.7,264.89999,34.150002,0.24,0.59,2.38,3.0,0.34,133.0,1.73,4.82,149.7,9.0,24.200001,1395.0,1.42,40.450001,2.1,3.249999,13.1,214.0,4.4,0.292008,1.96,0.5,4.4,71.199997,3.5,5.7,12.4,6.0,0.56,6.5,1.08,273.5,3.12,5.48,12.0,31.049999,1.05,2.37,0.24,0.66,2.18,10.844434,3.97,11.95,12.55,0.2,0.44,22.299999
2022-04-01 10:15:00,0.79,49638.941,0.37,1.24,0.31,1.176,0.2,0.2,1386.0,7.2,7.7,48.499981,68.650002,59.5,10.25,21.9,1.2,2.52,0.21,2.24,0.61,3.5,2.9,26.200001,1.19,13.6,3.85,2.45,0.22,24.5,27.0,1.07,6.35,10.2,1.74,0.74,3.88,3.8,8.25,234.5,35.5,0.27,0.56,1.94,3.1,0.32,143.39999,1.6,6.3,147.0,9.65,24.049999,1440.0,1.58,57.099998,2.3,4.958331,13.0,214.5,4.4,0.292008,1.95,0.49,5.1,93.0,3.7,5.85,12.0,6.0,0.54,7.15,0.88,292.39999,3.12,6.02,12.0,33.099998,1.02,2.44,0.25,3.0,2.18,11.022211,4.4,12.0,13.45,0.2,0.44,24.25
2022-05-05 10:15:00,0.69,53637.141,0.32,1.14,0.33,1.056,0.2,0.2,1767.0,7.2,7.0,52.124978,74.25,57.900002,17.700001,21.4,1.19,3.95,0.23,2.24,0.65,3.5,3.0,31.75,1.25,15.25,3.75,2.6,0.21,23.450001,27.049999,1.03,6.25,11.45,1.6,0.88,3.5,3.4,7.75,234.5,33.5,0.24,0.56,1.94,3.01,0.29,162.0,1.6,5.71,215.0,10.55,24.0,1400.0,1.67,62.400002,2.0,5.541665,12.85,230.0,4.01,0.825966,2.05,0.56,7.9,90.5,3.2,6.95,11.9,5.8,0.53,7.0,1.04,277.0,3.12,6.77,12.5,35.349998,1.09,2.14,0.25,3.1,2.2,14.577763,3.82,11.5,13.0,0.2,0.44,22.549999
2022-06-01 10:15:00,0.64,51817.59,0.33,1.2,0.3,1.016,0.2,0.2,1732.2,7.2,6.85,51.200001,71.900002,55.0,17.25,18.15,1.02,3.74,0.24,2.24,0.73,3.2,2.2,28.799999,1.23,14.8,3.45,2.58,0.2,21.700001,26.4,1.07,6.15,9.6,1.3,0.91,3.46,3.42,7.45,234.5,33.549999,0.27,0.44,1.94,2.75,0.27,165.0,1.75,5.67,216.89999,9.55,23.0,1400.0,1.55,58.799999,2.0,7.083331,11.75,230.0,3.97,0.846824,2.25,0.52,6.3,90.5,2.76,6.5,11.6,5.65,0.51,7.0,0.8,275.0,3.96,7.1,10.6,32.5,1.03,2.0,0.25,2.52,2.19,14.44443,3.8,11.1,12.75,0.2,0.41,22.5
2022-07-01 10:15:00,0.57,50370.25,0.3,1.2,0.3,1.48,,0.2,1905.4,7.2,6.2,51.200001,69.300003,50.799999,15.4,17.0,1.0,3.65,0.25,2.24,0.64,3.2,2.3,25.950001,1.12,14.2,3.55,2.35,0.2,20.700001,23.4,0.99,5.5,8.5,1.15,0.74,3.1,3.18,7.2,234.5,28.4,0.26,0.39,1.94,2.45,0.24,158.39999,1.75,5.0,216.89999,8.6,21.950001,1262.3,1.55,47.700001,1.88,6.0,11.1,200.10001,3.58,0.835144,2.6,0.54,5.35,90.5,2.05,5.95,11.0,5.5,0.4,6.5,0.91,265.0,3.96,6.2,9.9,30.5,0.9,1.72,,2.27,2.19,14.45,3.4,11.2,11.1,0.2,,22.5
2022-08-01 10:15:00,0.55,49836.512,0.3,1.43,0.31,1.68,,0.2,2040.0,7.2,6.6,51.200001,52.0,58.299999,13.0,16.5,1.14,3.85,0.27,2.24,0.6,3.2,2.5,26.5,1.13,12.2,3.3,1.89,0.2,21.9,25.0,1.0,5.6,8.2,1.24,0.86,3.05,3.19,7.2,234.5,31.0,0.26,0.35,1.75,2.7,0.26,142.60001,1.75,5.1,188.3,7.5,22.35,1350.0,1.56,45.5,2.62,5.7,11.0,199.0,3.88,0.679128,2.47,0.52,5.0,87.900002,2.65,6.0,11.15,5.6,0.48,6.5,0.99,245.0,3.6,6.05,11.0,27.299999,1.03,1.8,0.32,2.27,2.19,14.35,5.0,11.0,12.0,0.2,0.38,23.6
2022-09-01 10:15:00,0.52,49024.16,0.29,1.43,0.28,1.6,,0.2,2000.0,7.2,5.95,46.099998,52.0,58.299999,13.6,17.75,1.01,3.69,0.29,2.24,0.57,3.2,3.2,26.5,1.1,12.3,3.1,1.63,0.2,20.0,24.5,1.03,6.2,9.25,1.02,0.9,3.29,3.68,7.0,211.10001,30.0,0.27,0.34,1.75,2.3,0.25,142.60001,2.05,4.8,188.3,7.5,20.0,1215.0,1.4,48.400002,3.69,5.5,11.0,199.8,4.1,0.62,1.86,0.47,4.95,82.900002,2.27,5.6,10.2,5.0,0.46,6.5,0.81,245.0,3.6,6.32,11.25,30.299999,0.93,1.67,0.28,2.27,2.19,14.35,4.91,10.25,11.15,0.2,0.35,20.950001
